filename,url,year,month,status,sha256,page_count,record_count,kept_count,parsed_ts
STED-1-2026-200-867.pdf,https://www.fdle.state.fl.us/getContentAsset/c5fb51c8-39af-4887-af62-5f31fe08e846/73aabf56-e6e5-4330-95a3-5f2a270a1d2b/STED-1-2026-200-867.pdf?language=en,2026,1,parsed,a5f851c16a1a740498e502b381e7c40f5e20dfe95a8fa2dfb7d4084ab1531a82,229,229,161,2026-10-05T15:42:34
STED_202602_200-867.pdf,https://www.fdle.state.fl.us/getContentAsset/c46f1000-19dd-44d9-a486-2cd30bf3a387/73aabf56-e6e5-4330-95a3-5f2a270a1d2b/STED_202602_200-867.pdf?language=en,2026,2,parsed,cdd9b6d433a4c245a0bc93968322b7f05eaa1bbdbc2de4b6a417cd6cda367d6f,258,258,181,2026-10-05T15:42:36
STED_202603_200-867.pdf,https://www.fdle.state.fl.us/getContentAsset/2aaa5c3d-3704-4782-b676-1cf673b90e2e/73aabf56-e6e5-4330-95a3-5f2a270a1d2b/STED_202603_200-867.pdf?language=en,2026,3,parsed,7525db9b341f2039720ffabeed0f0eeb34bc4cd001436b9b45c60bfbbca49fe5,279,279,188,2026-10-05T15:42:38
STED_202604_200-867.pdf,https://www.fdle.state.fl.us/getContentAsset/1feb6bf7-55d9-48aa-81ec-2168d34a03f4/73aabf56-e6e5-4330-95a3-5f2a270a1d2b/STED_202604_200-867.pdf?language=en,2026,4,parsed,e85dc1c5c5b19aedc7850480b6fe7c2521dd132e7ef2d05b0ec6e044a7b7458e,329,329,233,2026-10-05T15:42:40
STED_202605_200-867.pdf,https://www.fdle.state.fl.us/getContentAsset/56cc7117-2111-4930-b0b3-7a5335b50fc9/73aabf56-e6e5-4330-95a3-5f2a270a1d2b/STED_202605_200-867.pdf?language=en,2026,5,parsed,d3f76a0b914fbdc6563889d229122ad182cfe0a08c80f2f3a284cdae500b3251,360,360,242,2026-10-05T15:42:42
STED_202606_200-867.pdf,https://www.fdle.state.fl.us/getContentAsset/695e815a-7393-46be-b335-4769ad7b0c56/73aabf56-e6e5-4330-95a3-5f2a270a1d2b/STED_202606_200-867.pdf?language=en,2026,6,parsed,b2cbf11aceb93bdc8ab6e5b37123012eb62ee9eb652b30ccf009790a3a396cb3,341,341,251,2026-10-05T15:42:44
STED-1-2026-868-997.pdf,https://www.fdle.state.fl.us/getContentAsset/8142ee01-b420-4a7d-a054-13b47878a7cd/73aabf56-e6e5-4330-95a3-5f2a270a1d2b/STED-1-2026-868-997.pdf?language=en,2026,1,parsed,b2c591d1145c0644a255413c634834135042974c0d5e4e91c81375cf86732e9f,247,247,188,2026-10-05T15:42:45
STED_202602_868-996.pdf,https://www.fdle.state.fl.us/getContentAsset/0f818156-607a-4909-80a0-a995c7b5b747/73aabf56-e6e5-4330-95a3-5f2a270a1d2b/STED_202602_868-996.pdf?language=en,2026,2,parsed,74b80e1e869a1c3ff20bdd4e466a27f1abed5082cd0e1844a97e80b72aab2b62,213,213,158,2026-10-05T15:42:47
STED_202603_868-997.pdf,https://www.fdle.state.fl.us/getContentAsset/f8f5b906-561d-45e6-b600-eaa0e13439cb/73aabf56-e6e5-4330-95a3-5f2a270a1d2b/STED_202603_868-997.pdf?language=en,2026,3,parsed,c3bad8adb7fd7ec76c333b429f419bb633aa152ce9a21e1307310f2485714cc9,264,264,196,2026-10-05T15:42:49
STED_202604_868-997.pdf,https://www.fdle.state.fl.us/getContentAsset/9f3f8bd5-d871-40b0-b3f9-7fbf3e089d44/73aabf56-e6e5-4330-95a3-5f2a270a1d2b/STED_202604_868-997.pdf?language=en,2026,4,parsed,66b9df8f35cc8d68938f3c356628f3e5f6dbb1a5ea1bf68ba1442c2a8f724a94,247,247,186,2026-10-05T15:42:50
STED_202605_868-997.pdf,https://www.fdle.state.fl.us/getContentAsset/2be98282-513b-49ae-87e6-7db7fcb8a753/73aabf56-e6e5-4330-95a3-5f2a270a1d2b/STED_202605_868-997.pdf?language=en,2026,5,parsed,15acece6f410a9bb28cbd6fc07ae515c289098570f78980e41a8942c4b45264e,244,244,182,2026-10-05T15:42:52
STED_202606_868-997.pdf,https://www.fdle.state.fl.us/getContentAsset/eb54cecd-aa96-4a67-9a87-f1dd898f58b2/73aabf56-e6e5-4330-95a3-5f2a270a1d2b/STED_202606_868-997.pdf?language=en,2026,6,parsed,1548cf9e6ae455bd9c82a8407415343c8221253b15bcf56bfb24a77d569dc810,213,213,167,2026-10-05T15:42:54
STED-1-2026-998-1131.pdf,https://www.fdle.state.fl.us/getContentAsset/0e652b15-5321-4120-babd-34c50e57e1a2/73aabf56-e6e5-4330-95a3-5f2a270a1d2b/STED-1-2026-998-1131.pdf?language=en,2026,1,parsed,74a01338cfed0d4aeeb4d224aa7495ae22b199d531716f272453cac3f527e959,499,499,346,2026-10-05T15:42:56
STED_202602_998-1131.pdf,https://www.fdle.state.fl.us/getContentAsset/40d37eb3-2226-41f5-ae21-b05a2a1cac1b/73aabf56-e6e5-4330-95a3-5f2a270a1d2b/STED_202602_998-1131.pdf?language=en,2026,2,parsed,e5b4ceb174c07550d85654ab0da372d68d1352a0cd3bbdaede48088ee75bad74,502,502,369,2026-10-05T15:42:59
STED_202603_998-1131.pdf,https://www.fdle.state.fl.us/getContentAsset/fdbf27b3-83b6-4e36-8450-9dd9770eeb39/73aabf56-e6e5-4330-95a3-5f2a270a1d2b/STED_202603_998-1131.pdf?language=en,2026,3,parsed,0b9a204c853a5027fc6d79f0ff2259131318038068af764b218a989d54005e27,606,606,434,2026-10-05T16:06:28
STED_202604_998-1131.pdf,https://www.fdle.state.fl.us/getContentAsset/34709ccf-9934-4db8-9974-14d64355a466/73aabf56-e6e5-4330-95a3-5f2a270a1d2b/STED_202604_998-1131.pdf?language=en,2026,4,parsed,45684cd50a219acf869cc7a289b45780e051b8d83eb3c4426fc1fb7d608b74c9,445,445,291,2026-10-05T16:06:31
STED_202605_998-1131.pdf,https://www.fdle.state.fl.us/getContentAsset/19131288-a8a7-4ae7-aa7d-58a7acca1ba0/73aabf56-e6e5-4330-95a3-5f2a270a1d2b/STED_202605_998-1131.pdf?language=en,2026,5,parsed,f6003c9b12da455b5df8248d53cf1d8e491855502bafb71a018dcda92d14d87a,481,481,328,2026-10-05T16:06:33
STED_202606_998-1131.pdf,https://www.fdle.state.fl.us/getContentAsset/fe9e5141-83ab-42e1-96ad-08036a038be3/73aabf56-e6e5-4330-95a3-5f2a270a1d2b/STED_202606_998-1131.pdf?language=en,2026,6,parsed,185f5bf5960f6716201b69902a61bee676fde57427b49284cd9fad8119bd553e,347,347,255,2026-10-05T16:06:35
STED-1-2026-1132-1274.pdf,https://www.fdle.state.fl.us/getContentAsset/96f85db3-fd85-4eb9-a11a-c7bcc2879bbf/73aabf56-e6e5-4330-95a3-5f2a270a1d2b/STED-1-2026-1132-1274.pdf?language=en,2026,1,parsed,78650ecdf5e0280048b55570ff7ebcd1d66e82ebe3a1ddf0679a2fea94fe8900,181,181,138,2026-10-05T16:06:36
STED_202602_1132-1274.pdf,https://www.fdle.state.fl.us/getContentAsset/a4cff549-8375-4211-8418-8cb58d22edc1/73aabf56-e6e5-4330-95a3-5f2a270a1d2b/STED_202602_1132-1274.pdf?language=en,2026,2,parsed,bee0030b03456b2758ecbf8f407052a45fdb6214c7271bc637e2c8280b302e05,180,180,139,2026-10-05T16:06:38
STED_202603_1132-1274.pdf,https://www.fdle.state.fl.us/getContentAsset/607466e2-d15f-43c5-9450-04dff3a695d3/73aabf56-e6e5-4330-95a3-5f2a270a1d2b/STED_202603_1132-1274.pdf?language=en,2026,3,parsed,b9dfdede014a94ca88ad2416ead75789b7489638a755f02a4cb6ea580a43cf48,257,257,209,2026-10-05T16:06:41
STED_202604_1132-1274.pdf,https://www.fdle.state.fl.us/getContentAsset/a97e9fd6-6ca2-4b4c-9d9b-29ef8fdbc186/73aabf56-e6e5-4330-95a3-5f2a270a1d2b/STED_202604_1132-1274.pdf?language=en,2026,4,parsed,fb1874b1110ce059c497ba1cb88e502b07549a3ad515c061a6de22573487ec52,271,271,218,2026-10-05T16:06:48
STED_202605_1132-1274.pdf,https://www.fdle.state.fl.us/getContentAsset/ea910765-0535-4f73-8140-f7a375a540b0/73aabf56-e6e5-4330-95a3-5f2a270a1d2b/STED_202605_1132-1274.pdf?language=en,2026,5,parsed,92f3c10ad135acac5640aa184e3fd50e7e4b66c6d1b356ef4935dbd15bebb8d1,230,230,185,2026-10-05T16:06:50
STED_202606_1132-1274.pdf,https://www.fdle.state.fl.us/getContentAsset/49700b9c-7581-40a5-ae30-b766ca338162/73aabf56-e6e5-4330-95a3-5f2a270a1d2b/STED_202606_1132-1274.pdf?language=en,2026,6,parsed,e25f0707d44e56da2f98d101824914523fd95284f873b332f34b6c2a1a26f0ab,205,205,157,2026-10-05T16:06:51
STED-1-2026-1275-1720.pdf,https://www.fdle.state.fl.us/getContentAsset/ac06b6bc-4c63-480d-9f5e-70db428bbeaf/73aabf56-e6e5-4330-95a3-5f2a270a1d2b/STED-1-2026-1275-1720.pdf?language=en,2026,1,parsed,cbce1407f86ef851c002268f8d94d5c013fe3c8e8e1c7efa6c16b8e29e0cf04a,310,310,226,2026-10-05T16:06:55
STED_202602_1275-1720.pdf,https://www.fdle.state.fl.us/getContentAsset/ec465122-e997-4438-b31b-957102344505/73aabf56-e6e5-4330-95a3-5f2a270a1d2b/STED_202602_1275-1720.pdf?language=en,2026,2,parsed,a54b3ee056c215f6c1ca6d32fca43c05a9fd423e70fb10baf078e93dc101bfe4,359,359,253,2026-10-05T16:06:57
STED_202603_1275-1720.pdf,https://www.fdle.state.fl.us/getContentAsset/ea3b2aea-1cc1-4604-b500-9c68ac670a1a/73aabf56-e6e5-4330-95a3-5f2a270a1d2b/STED_202603_1275-1720.pdf?language=en,2026,3,parsed,38f6bbf76ad39d63b66b7241dc48898af2fed416c2cb96022f87737f42ce87ce,381,381,278,2026-10-05T16:06:59
STED_202604_1275-1720.pdf,https://www.fdle.state.fl.us/getContentAsset/ff668a22-d659-4d49-a3ed-6814b0743912/73aabf56-e6e5-4330-95a3-5f2a270a1d2b/STED_202604_1275-1720.pdf?language=en,2026,4,parsed,b94bbeef5fdba1c79502585b26ed5f64061e09bb39a7e6d773e29042929a3f02,401,401,273,2026-10-05T16:07:01
STED_202605_1275-1720.pdf,https://www.fdle.state.fl.us/getContentAsset/5da4d0fe-75af-44bc-bd95-25d2e767a69a/73aabf56-e6e5-4330-95a3-5f2a270a1d2b/STED_202605_1275-1720.pdf?language=en,2026,5,parsed,311f8d04d93b8b841b63f24586c4f069b7714737d6104f86be5074b2cf3a1dd8,414,414,292,2026-10-05T16:07:04
STED_202606_1275-1720.pdf,https://www.fdle.state.fl.us/getContentAsset/5c43420c-a6b8-4a94-888d-ebaa58df62ce/73aabf56-e6e5-4330-95a3-5f2a270a1d2b/STED_202606_1275-1720.pdf?language=en,2026,6,parsed,3a021ac9e4835cf153afb497a5b447d507ffdd40a1328d2d74c24eb17f8cfb28,424,424,313,2026-10-05T16:07:06
STED-1-2026-1721-6169.pdf,https://www.fdle.state.fl.us/getContentAsset/f81d3985-6962-496b-899a-9836bd0da36a/73aabf56-e6e5-4330-95a3-5f2a270a1d2b/STED-1-2026-1721-6169.pdf?language=en,2026,1,parsed,5b4735754f561cc7b15041c5d1deb4bd86dcb8ae9ec5dc41d6f3538a1cf77cce,337,337,264,2026-10-05T16:07:08
STED_202602_1721-6169.pdf,https://www.fdle.state.fl.us/getContentAsset/fa3134ed-3a1e-4273-bd41-3fa0b2eda3fd/73aabf56-e6e5-4330-95a3-5f2a270a1d2b/STED_202602_1721-6169.pdf?language=en,2026,2,parsed,f223893d3f946474be00b05dd92486d5891295269e1a8dc5cd3fb69ef1c54b76,355,355,295,2026-10-05T16:07:10
STED_202603_1721-6169.pdf,https://www.fdle.state.fl.us/getContentAsset/1dad3281-cfce-4daa-a85c-f49189227c22/73aabf56-e6e5-4330-95a3-5f2a270a1d2b/STED_202603_1721-6169.pdf?language=en,2026,3,parsed,b02df7d91ab3ce85cface80b6097203ceccd717320e05c585f67d92de6a57868,385,385,317,2026-10-05T16:07:12
STED_202604_1721-6169.pdf,https://www.fdle.state.fl.us/getContentAsset/6d5bf537-39fc-4d7d-971f-9e76455425ef/73aabf56-e6e5-4330-95a3-5f2a270a1d2b/STED_202604_1721-6169.pdf?language=en,2026,4,parsed,3ed164d2b3a579ee6c81fd759c9e0254fa0053007dadffb0a2f6f34b5d82d514,246,246,204,2026-10-05T16:07:14
STED_202605_1721-6169.pdf,https://www.fdle.state.fl.us/getContentAsset/c6c2e62b-6948-41b1-aa9c-ec8ec69c5f7b/73aabf56-e6e5-4330-95a3-5f2a270a1d2b/STED_202605_1721-6169.pdf?language=en,2026,5,parsed,800d55ad8d66c7387206280af14aaa8e7a116c162a679f78f09540d98fcfd466,312,312,263,2026-10-05T16:07:16
STED_202606_1721-6169.pdf,https://www.fdle.state.fl.us/getContentAsset/e6838a39-05d6-4d72-a339-baef3c22d63d/73aabf56-e6e5-4330-95a3-5f2a270a1d2b/STED_202606_1721-6169.pdf?language=en,2026,6,parsed,4b881e23b5ed1886050fe1daceee0f304776007c4f9d8a1021b94337b9de7738,193,193,132,2026-10-05T16:07:18
STED-1-2026-6170-6500.pdf,https://www.fdle.state.fl.us/getContentAsset/f67ed2e9-3d87-40ee-a8d6-dfb92406b8bf/73aabf56-e6e5-4330-95a3-5f2a270a1d2b/STED-1-2026-6170-6500.pdf?language=en,2026,1,parsed,2020e05643bcba90ccd3469c0643f8c781472697eeb5148322289723cf1c7bdc,112,112,94,2026-10-05T16:07:20
STED_202602_6170-6499.pdf,https://www.fdle.state.fl.us/getContentAsset/57fca50f-4c57-4db3-ba90-69b6c6eba835/73aabf56-e6e5-4330-95a3-5f2a270a1d2b/STED_202602_6170-6499.pdf?language=en,2026,2,parsed,a8927cbaf49ed720a2d144506ffc72bdfcd21fffcd2d1c781b8a153ca85d8099,112,112,92,2026-10-05T16:07:21
STED_202603_6170-6499.pdf,https://www.fdle.state.fl.us/getContentAsset/73dc8337-4b73-493f-b623-faf70f3a7ed5/73aabf56-e6e5-4330-95a3-5f2a270a1d2b/STED_202603_6170-6499.pdf?language=en,2026,3,parsed,bdcf174d682c9af7a97050753f555e9e07454d73b10da15502f28f4f205062fa,151,151,124,2026-10-05T16:07:23
STED_202604_6170-6499.pdf,https://www.fdle.state.fl.us/getContentAsset/f1157ce4-8774-4108-b98a-f214a1e3b823/73aabf56-e6e5-4330-95a3-5f2a270a1d2b/STED_202604_6170-6499.pdf?language=en,2026,4,parsed,0fa67bf649f4e6c9f5760b45fc9468d8d562b4dba6570b36500b383f14c259b9,171,171,157,2026-10-05T16:07:24
STED_202605_6170-6499.pdf,https://www.fdle.state.fl.us/getContentAsset/852e1692-0cb1-454e-9cb2-e7f7cbb40381/73aabf56-e6e5-4330-95a3-5f2a270a1d2b/STED_202605_6170-6499.pdf?language=en,2026,5,parsed,3e0dc02257644a438a832ba974f4da3cec93ec85c85ce13f5fd1d7f20cb8416a,112,112,83,2026-10-05T16:07:26
STED_202606_6170-6499.pdf,https://www.fdle.state.fl.us/getContentAsset/6df6976a-8dcd-4431-af47-35dcdfd26821/73aabf56-e6e5-4330-95a3-5f2a270a1d2b/STED_202606_6170-6499.pdf?language=en,2026,6,parsed,5fa433585acd4225d299e72160f14a188745e2986def3dbadbbb76475edce3d2,118,118,85,2026-10-05T16:07:27
STED-1-2026-6500-and-up.pdf,https://www.fdle.state.fl.us/getContentAsset/96c81f83-209b-4a4c-b438-052a8ef511e3/73aabf56-e6e5-4330-95a3-5f2a270a1d2b/STED-1-2026-6500-and-up.pdf?language=en,2026,1,parsed,295a6296f8609f39569a4c599ea46e36333b11d847a00ff4bbf4c9943ca99188,585,585,471,2026-10-05T16:07:32
STED_202602_6500-up.pdf,https://www.fdle.state.fl.us/getContentAsset/60dbed05-a6d1-45ab-9e5b-d8bc31bddf1f/73aabf56-e6e5-4330-95a3-5f2a270a1d2b/STED_202602_6500-up.pdf?language=en,2026,2,parsed,5d56431b79d639751ff37952e7b73daa9544d1810a0335a620dc0f23965bd918,404,404,309,2026-10-05T16:07:34
STED_202603_6500-up.pdf,https://www.fdle.state.fl.us/getContentAsset/d4c5cc05-52d8-4291-8827-c528664ff437/73aabf56-e6e5-4330-95a3-5f2a270a1d2b/STED_202603_6500-up.pdf?language=en,2026,3,parsed,330bbea643087743dd93cd282b3c124848d595900fa114eaab541e0c81248bc2,525,525,415,2026-10-05T16:07:36
STED_202604_6500-up.pdf,https://www.fdle.state.fl.us/getContentAsset/bfeb4d23-9c05-4733-acfe-a2d039734541/73aabf56-e6e5-4330-95a3-5f2a270a1d2b/STED_202604_6500-up.pdf?language=en,2026,4,parsed,c99f7dc67dad6bc8cbfc44d97b142b17165d438f1746aa946261ca7379ce9da5,521,521,430,2026-10-05T16:07:39
STED_202605_6500-up.pdf,https://www.fdle.state.fl.us/getContentAsset/9ec63980-9bd0-410c-9d36-e72cdaddb4d6/73aabf56-e6e5-4330-95a3-5f2a270a1d2b/STED_202605_6500-up.pdf?language=en,2026,5,parsed,5069cb99f9de3d1d365fa1af4c950e4f2661fc63c970c03ae6fa4848e501bfbe,579,579,454,2026-10-05T16:07:41
STED_202606_6500-up.pdf,https://www.fdle.state.fl.us/getContentAsset/60c050b7-84ba-4541-ba9a-cd7a74111908/73aabf56-e6e5-4330-95a3-5f2a270a1d2b/STED_202606_6500-up.pdf?language=en,2026,6,parsed,571484344740dc3a63817d9fc157cc97f6804ad32484ef93dcf6dd4927a6ff9e,552,552,459,2026-10-05T16:07:44
STED_202607_200-867.pdf,https://www.fdle.state.fl.us/getContentAsset/7a7acc64-6cb5-4370-9056-0e83cd113a14/73aabf56-e6e5-4330-95a3-5f2a270a1d2b/STED_202607_200-867.pdf?language=en,2026,7,parsed,246eb98f43994db6aa102239e7aee17dac70670cb667fced3c770294e91d5b6d,271,271,187,2026-10-05T16:07:45
STED_202607_868-997.pdf,https://www.fdle.state.fl.us/getContentAsset/7f092cec-f31d-4968-bd43-907612d2e3ef/73aabf56-e6e5-4330-95a3-5f2a270a1d2b/STED_202607_868-997.pdf?language=en,2026,7,parsed,cd2791c504b917b3d48d164cc325a468484348c674be86eff9cd5012602c0ba9,261,261,180,2026-10-05T16:07:48
STED_202607_998-1131.pdf,https://www.fdle.state.fl.us/getContentAsset/b785e14c-ef6e-4c36-a9f6-26e10130ccae/73aabf56-e6e5-4330-95a3-5f2a270a1d2b/STED_202607_998-1131.pdf?language=en,2026,7,parsed,1420f3e92099e7a5ef5d97725b963ec5ac153e366f2281ce9a2757ab84af5a06,372,372,259,2026-10-05T16:07:50
STED_202607_1132-1274.pdf,https://www.fdle.state.fl.us/getContentAsset/e62136f7-b886-4770-8499-54ccd9488127/73aabf56-e6e5-4330-95a3-5f2a270a1d2b/STED_202607_1132-1274.pdf?language=en,2026,7,parsed,dcf6261202aa8f3c9d65adfb61f70fedc1a2e41cfb7ad8a19d7a9deebc6b63e4,291,291,236,2026-10-05T16:07:52
STED_202607_1275-1720.pdf,https://www.fdle.state.fl.us/getContentAsset/ae5acc77-1a1e-4ba1-af37-07f05cc2dcfe/73aabf56-e6e5-4330-95a3-5f2a270a1d2b/STED_202607_1275-1720.pdf?language=en,2026,7,parsed,f155b64918ad3a13e67bc9c6f9d6bbcf044c5ead0d74a26b3cf174ab69559d8e,413,413,291,2026-10-05T16:07:54
STED_202607_1721-6169.pdf,https://www.fdle.state.fl.us/getContentAsset/6e2e3e52-4441-464b-b028-917aebdafc37/73aabf56-e6e5-4330-95a3-5f2a270a1d2b/STED_202607_1721-6169.pdf?language=en,2026,7,parsed,671853d88d460e99a987f7d102cf60d1504b40a5d0a07aed7a1c16944647a98b,159,159,119,2026-10-05T16:07:56
STED_202607_6170-6499.pdf,https://www.fdle.state.fl.us/getContentAsset/7f11b5a5-1fbd-4775-8304-a04741e5b330/73aabf56-e6e5-4330-95a3-5f2a270a1d2b/STED_202607_6170-6499.pdf?language=en,2026,7,parsed,a883a6c9a98cc282690b05df24188dd8490e6d9f8492f78dc59bb34a92745b3a,157,157,127,2026-10-05T16:07:58
STED_202607_6500-up.pdf,https://www.fdle.state.fl.us/getContentAsset/b2169fa1-a600-48a3-b649-8f2825c0d9cc/73aabf56-e6e5-4330-95a3-5f2a270a1d2b/STED_202607_6500-up.pdf?language=en,2026,7,parsed,bba24ffa128700d379745d032da4e249edcbec9691a905ffbe626c3d81f26c74,526,526,426,2026-10-05T16:08:00
STED-01-2025-0200-0867.pdf,https://www.fdle.state.fl.us/getContentAsset/c7ffaefb-ab99-4eea-8728-979f7031cc19/73aabf56-e6e5-4330-95a3-5f2a270a1d2b/STED-01-2025-0200-0867.pdf?language=en,2025,1,parsed,76af0eab80734d72b6660556a54402f614baf2acc614553ebc74788fe9211659,249,249,155,2026-10-05T16:08:02
STED-02-2025-0200-0867.pdf,https://www.fdle.state.fl.us/getContentAsset/5fd47968-b30e-4cd0-8778-070e5b1f0e1b/73aabf56-e6e5-4330-95a3-5f2a270a1d2b/STED-02-2025-0200-0867.pdf?language=en,2025,2,parsed,2066b30c287b0a3c238532b69b307b85c012dc4f165f7b630eb3c31bb3868d1d,219,219,139,2026-10-05T16:08:04
STED-03-2025-200-867.pdf,https://www.fdle.state.fl.us/getContentAsset/9a8e5de2-24f1-4495-b00f-cfb873563e65/73aabf56-e6e5-4330-95a3-5f2a270a1d2b/STED-03-2025-200-867.pdf?language=en,2025,3,parsed,50a4118a5101216e89977d7c6e693c6e55ebd655ce3e849fad130f85a143b26b,271,271,202,2026-10-05T16:08:05
STED-4-2025-200-867.pdf,https://www.fdle.state.fl.us/getContentAsset/302f2bb3-dafc-4693-bb0c-6be37257c13e/73aabf56-e6e5-4330-95a3-5f2a270a1d2b/STED-4-2025-200-867.pdf?language=en,2025,4,parsed,2e984df8ad65c8b9002725e87360c4471f438b0d3e171c541602b548429a8ef6,267,267,183,2026-10-05T16:08:07
STED-5-2025-200-867.pdf,https://www.fdle.state.fl.us/getContentAsset/5f17093a-f7f2-4895-a9a2-5b0e469cc9a0/73aabf56-e6e5-4330-95a3-5f2a270a1d2b/STED-5-2025-200-867.pdf?language=en,2025,5,parsed,9823d90d822767e25dd6b1db7f26eff04e4f5c347f5fbe5587115c5c79fd19d3,263,263,177,2026-10-05T16:08:09
STED-6-2025-200-867.pdf,https://www.fdle.state.fl.us/getContentAsset/db37a062-7425-4373-b8c7-b465724d5ff9/73aabf56-e6e5-4330-95a3-5f2a270a1d2b/STED-6-2025-200-867.pdf?language=en,2025,6,parsed,b1b21019173193851a062a21872e7813695ef8a6b6c4baf257aaebd12b8f3d3a,214,214,136,2026-10-05T16:08:11
STED-01-2025-0868-0997.pdf,https://www.fdle.state.fl.us/getContentAsset/51040f83-c939-43d0-bd9a-dbd15e4e09b3/73aabf56-e6e5-4330-95a3-5f2a270a1d2b/STED-01-2025-0868-0997.pdf?language=en,2025,1,parsed,0271b6c010b762b9c2fe870deb1d545ec0b836cb4d86572144a63156b836e0ae,280,280,196,2026-10-05T16:08:12
STED-02-2025-0868-0997.pdf,https://www.fdle.state.fl.us/getContentAsset/8e8db8b3-b2ac-40d3-8054-5d09cbfc3535/73aabf56-e6e5-4330-95a3-5f2a270a1d2b/STED-02-2025-0868-0997.pdf?language=en,2025,2,parsed,2fe6cb1e723a0499ac1507116edfbf43f7bed2d5a9eb8b2d7d31802bb5f951c0,168,168,120,2026-10-05T16:08:14
STED-03-2025-868-997.pdf,https://www.fdle.state.fl.us/getContentAsset/bc9f4609-757a-4e20-a3ad-e196e20403d1/73aabf56-e6e5-4330-95a3-5f2a270a1d2b/STED-03-2025-868-997.pdf?language=en,2025,3,parsed,fc006c21cc5fab89ec9feb3aad2654d0482b6c0f76f7a77881c8f2a7ffa40dd4,259,259,180,2026-10-05T16:08:16
STED-4-2025-868-997.pdf,https://www.fdle.state.fl.us/getContentAsset/1dc1f671-e87f-4e2c-a3a3-2e3a2cf731b4/73aabf56-e6e5-4330-95a3-5f2a270a1d2b/STED-4-2025-868-997.pdf?language=en,2025,4,parsed,58d358de8dd2a68ae31345fba4e170aa47453cb40a2436ebf2139ff6638efe1c,195,195,144,2026-10-05T16:08:17
STED-5-2025-868-997.pdf,https://www.fdle.state.fl.us/getContentAsset/a7d9d55d-b824-4114-bd9c-2f7f0e0e2f50/73aabf56-e6e5-4330-95a3-5f2a270a1d2b/STED-5-2025-868-997.pdf?language=en,2025,5,parsed,49b2baf3f0f2731f3ed8585ea004e3189923c5b90a6fb52e3ba61bfabb3fdb99,265,265,208,2026-10-05T16:08:19
STED-6-2025-868-997.pdf,https://www.fdle.state.fl.us/getContentAsset/dc8c6ea3-2b9d-4465-98c3-04c9f47e2240/73aabf56-e6e5-4330-95a3-5f2a270a1d2b/STED-6-2025-868-997.pdf?language=en,2025,6,parsed,88f5803731160a643ce4c79408fae32045a9ef26f1f8afe42233523d8d9ec00a,207,207,156,2026-10-05T16:08:21
STED-01-2025-0998-1131.pdf,https://www.fdle.state.fl.us/getContentAsset/a3521f34-51fb-457e-adbc-04dabab08021/73aabf56-e6e5-4330-95a3-5f2a270a1d2b/STED-01-2025-0998-1131.pdf?language=en,2025,1,parsed,6c83db9a2e4b3f08255556e71d2ebd367d901bd0caaee7b37b349d46da44ddf6,333,333,227,2026-10-05T16:08:23
STED-02-2025-0998-1131.pdf,https://www.fdle.state.fl.us/getContentAsset/4e62ddfa-88bb-43b7-a6fd-7bbb0f884118/73aabf56-e6e5-4330-95a3-5f2a270a1d2b/STED-02-2025-0998-1131.pdf?language=en,2025,2,parsed,5223b0702ae359291776a78c948e12da11c9fd1a62b041d30198cc8b0292f667,197,197,136,2026-10-05T16:08:24
STED-03-2025-998-1131.pdf,https://www.fdle.state.fl.us/getContentAsset/09c4cd47-83be-4679-950c-9f1affcbe009/73aabf56-e6e5-4330-95a3-5f2a270a1d2b/STED-03-2025-998-1131.pdf?language=en,2025,3,parsed,81c5543d23b469bb262a7eacfc59f88c070c17f7bd8a662326b2b31ffbda82c5,430,430,277,2026-10-05T16:08:26
STED-4-2025-998-1131.pdf,https://www.fdle.state.fl.us/getContentAsset/f88ee912-da7a-4a51-b8fb-b2f110e03ee8/73aabf56-e6e5-4330-95a3-5f2a270a1d2b/STED-4-2025-998-1131.pdf?language=en,2025,4,parsed,28b9ebc5c70a75845cbd839ea8a7af52b47ad022355713fb78e99c97124b6b28,405,405,265,2026-10-05T16:08:28
STED-5-2025-998-1131.pdf,https://www.fdle.state.fl.us/getContentAsset/4a8d0a31-732a-4482-a6aa-413696f9bd84/73aabf56-e6e5-4330-95a3-5f2a270a1d2b/STED-5-2025-998-1131.pdf?language=en,2025,5,parsed,22098533766e2db20da0537c3a91980478f8b4ec24c984f8176eb7880acbfe80,379,379,246,2026-10-05T16:08:31
STED-6-2025-998-1131.pdf,https://www.fdle.state.fl.us/getContentAsset/192dcab6-2ebd-4b05-83f8-fa900c67212d/73aabf56-e6e5-4330-95a3-5f2a270a1d2b/STED-6-2025-998-1131.pdf?language=en,2025,6,parsed,2586d87b64e1ba990b931f0171cb2404f29e8d6be51a719ae8ec5f25055dcbb1,394,394,265,2026-10-05T16:08:33
STED-01-2025-1132-1274.pdf,https://www.fdle.state.fl.us/getContentAsset/51b5eb85-7fe9-4342-9621-a846c625c32b/73aabf56-e6e5-4330-95a3-5f2a270a1d2b/STED-01-2025-1132-1274.pdf?language=en,2025,1,parsed,3913b975f48502f02185d580911dcff19465dfc58f152d795c10f1b3674d99d4,262,262,215,2026-10-05T16:08:35
STED-02-2025-1132-1274.pdf,https://www.fdle.state.fl.us/getContentAsset/9ecb53ff-62c8-4f52-a894-0f22f3651f7f/73aabf56-e6e5-4330-95a3-5f2a270a1d2b/STED-02-2025-1132-1274.pdf?language=en,2025,2,parsed,bfb81a13a080cb73462f93fa4cbb824f47f0ea2e13e1a099e4cfa96974064476,203,203,160,2026-10-05T16:08:37
STED-03-2025-1132-1274.pdf,https://www.fdle.state.fl.us/getContentAsset/f8bbe9b2-3e9e-472b-af05-143f1f6218c9/73aabf56-e6e5-4330-95a3-5f2a270a1d2b/STED-03-2025-1132-1274.pdf?language=en,2025,3,parsed,08182639948c37267ad507875abf379b634b16ef59c2551fe197eda9474c18d3,276,276,212,2026-10-05T16:08:38
STED-4-2025-1132-1274.pdf,https://www.fdle.state.fl.us/getContentAsset/ca98a4c5-0733-4887-a94e-378beba11f3d/73aabf56-e6e5-4330-95a3-5f2a270a1d2b/STED-4-2025-1132-1274.pdf?language=en,2025,4,parsed,00a3ad16cedf748dcb266f7a124d84e198fdc016b67e4d6c4fb16d6874f84718,305,305,224,2026-10-05T16:08:40
STED-5-2025-1132-1274.pdf,https://www.fdle.state.fl.us/getContentAsset/6e7c36cd-d06e-471c-bb35-9aad7cb1a6d1/73aabf56-e6e5-4330-95a3-5f2a270a1d2b/STED-5-2025-1132-1274.pdf?language=en,2025,5,parsed,25fcd627b3344f7421d7fa552af4af6720aec3a6076b28d32e457075caafd236,265,265,220,2026-10-05T16:08:42
STED-6-2025-1132-1274.pdf,https://www.fdle.state.fl.us/getContentAsset/3c398c43-8605-41b2-adba-3b93bbee7c2e/73aabf56-e6e5-4330-95a3-5f2a270a1d2b/STED-6-2025-1132-1274.pdf?language=en,2025,6,parsed,2d7256246f985fd92b768008433be47b338d476a37f0f45d5a2e0cab4d00aaf0,307,307,246,2026-10-05T16:08:44
STED-01-2025-1275-1720.pdf,https://www.fdle.state.fl.us/getContentAsset/684e36c6-b524-4b08-bc17-04fd993e13f5/73aabf56-e6e5-4330-95a3-5f2a270a1d2b/STED-01-2025-1275-1720.pdf?language=en,2025,1,parsed,631febf4f0c9b417ff30d5f5272272795b12382b3dc794d604737a84997ed70f,394,394,257,2026-10-05T16:08:46
STED-02-2025-1275-1720.pdf,https://www.fdle.state.fl.us/getContentAsset/1bfcbe17-28f9-4569-adf6-0f736682deef/73aabf56-e6e5-4330-95a3-5f2a270a1d2b/STED-02-2025-1275-1720.pdf?language=en,2025,2,parsed,bb95c3385860fdf03dcd277e7f384f01b6abd4536eff27c3a039fea97ea2f7b3,263,263,186,2026-10-05T16:08:48
STED-03-2025-1275-1720.pdf,https://www.fdle.state.fl.us/getContentAsset/39bdfb61-27e6-4aaa-98a4-7ab9e14cf32e/73aabf56-e6e5-4330-95a3-5f2a270a1d2b/STED-03-2025-1275-1720.pdf?language=en,2025,3,parsed,c67530ada72bfa8bbe55cffb557c403217d68cdb309f4fa34ec11942f2f9a023,375,375,267,2026-10-05T16:08:50
STED-4-2025-1275-1720.pdf,https://www.fdle.state.fl.us/getContentAsset/8e7d2e47-411c-45a8-b843-b6e03c9088d0/73aabf56-e6e5-4330-95a3-5f2a270a1d2b/STED-4-2025-1275-1720.pdf?language=en,2025,4,parsed,b4de489e7c133ca27aca4aa925de07c341d892f24f26955a49e731325cf6c6da,268,268,194,2026-10-05T16:08:51
STED-5-2025-1275-1720.pdf,https://www.fdle.state.fl.us/getContentAsset/d3af562c-8ad6-4874-a377-d3002b64dbde/73aabf56-e6e5-4330-95a3-5f2a270a1d2b/STED-5-2025-1275-1720.pdf?language=en,2025,5,parsed,b7d08e9158a80a92ac3ecd607154586f748c790d500f8aff7fa3b67c3412b741,304,304,191,2026-10-05T16:08:53
STED-6-2025-1275-1720.pdf,https://www.fdle.state.fl.us/getContentAsset/349d2952-b4ce-4298-9137-e4a82897ef43/73aabf56-e6e5-4330-95a3-5f2a270a1d2b/STED-6-2025-1275-1720.pdf?language=en,2025,6,parsed,006452376567889563011f130ab0a6a29247d524ff76ca4b7712fbe31616b5d2,335,335,224,2026-10-05T16:08:55
STED-01-2025-1721-6169.pdf,https://www.fdle.state.fl.us/getContentAsset/100e68b6-e74c-48b9-9ded-0552ffceb009/73aabf56-e6e5-4330-95a3-5f2a270a1d2b/STED-01-2025-1721-6169.pdf?language=en,2025,1,parsed,8fb3cc25ad535771b9dd46c715bce563899c9884679bb32378a7e67981502bcc,256,256,190,2026-10-05T16:08:57
STED-02-2025-1721-6169.pdf,https://www.fdle.state.fl.us/getContentAsset/842d1045-d189-4762-8901-f59f75575b85/73aabf56-e6e5-4330-95a3-5f2a270a1d2b/STED-02-2025-1721-6169.pdf?language=en,2025,2,parsed,35a9d4cee7efc96c8b11eb8f7b65fc23e9e4da2d052e2c3af1589c7d13c611eb,200,200,158,2026-10-05T16:08:58
STED-03-2025-1721-6169.pdf,https://www.fdle.state.fl.us/getContentAsset/d38c854b-1844-4888-9c41-cf42055ca127/73aabf56-e6e5-4330-95a3-5f2a270a1d2b/STED-03-2025-1721-6169.pdf?language=en,2025,3,parsed,935ab71707a94c9a3370af74bc702af0a573b5dd4fdc93894bb57329d159387b,364,364,288,2026-10-05T16:09:00
STED-4-2025-1721-6169.pdf,https://www.fdle.state.fl.us/getContentAsset/dbd82895-f6ee-4f78-9f59-2a599c7ce460/73aabf56-e6e5-4330-95a3-5f2a270a1d2b/STED-4-2025-1721-6169.pdf?language=en,2025,4,parsed,4a97b2f544099f0abdf52eca0389ba54607e7aba0ba2a674372550752f4f4545,294,294,213,2026-10-05T16:09:02
STED-5-2025-1721-6169.pdf,https://www.fdle.state.fl.us/getContentAsset/0d84a3b8-3363-41e9-8e8b-6887a6d2254e/73aabf56-e6e5-4330-95a3-5f2a270a1d2b/STED-5-2025-1721-6169.pdf?language=en,2025,5,parsed,d0de80b2dc6b5b3dfe75eb8f94b3318e3ae689076fe198266ad3f5f8dd7260c8,391,391,257,2026-10-05T16:09:04
STED-6-2025-1721-6169.pdf,https://www.fdle.state.fl.us/getContentAsset/ce5d39bb-aa56-4aec-94c1-37bf7baaef45/73aabf56-e6e5-4330-95a3-5f2a270a1d2b/STED-6-2025-1721-6169.pdf?language=en,2025,6,parsed,0daf896817f93d360692bcf620a737fad5cb328277210ad7504392e7570c67c6,307,307,223,2026-10-05T16:09:06
STED-01-2025-6170-6500.pdf,https://www.fdle.state.fl.us/getContentAsset/4f53e8d4-1373-47cc-84f4-6cef6d77411d/73aabf56-e6e5-4330-95a3-5f2a270a1d2b/STED-01-2025-6170-6500.pdf?language=en,2025,1,parsed,d05c1569e460b1243ac23346efd80cf9c46e3bf55563e2a4644a490927e59ba3,179,179,138,2026-10-05T16:09:08
STED-02-2025-6170-6500.pdf,https://www.fdle.state.fl.us/getContentAsset/a13ade60-b1b0-442b-8fba-c6607cb19699/73aabf56-e6e5-4330-95a3-5f2a270a1d2b/STED-02-2025-6170-6500.pdf?language=en,2025,2,parsed,21071f8021bbb37ef764454046df79414f353c98a99252e3b07c7302f72f24f5,68,68,43,2026-10-05T16:09:09
STED-03-2025-6170-6500.pdf,https://www.fdle.state.fl.us/getContentAsset/2ac6bc22-110e-4fd2-9feb-5984707bdb9c/73aabf56-e6e5-4330-95a3-5f2a270a1d2b/STED-03-2025-6170-6500.pdf?language=en,2025,3,parsed,37b58d70a4869d35d9391ce8647fbd425d6ff38c1039472bb4246054803d6f96,142,142,106,2026-10-05T16:09:10
STED-4-2025-6170-6499.pdf,https://www.fdle.state.fl.us/getContentAsset/3210d245-de82-4b40-ac11-d61fa1c165dc/73aabf56-e6e5-4330-95a3-5f2a270a1d2b/STED-4-2025-6170-6499.pdf?language=en,2025,4,parsed,29ef66c9c55cd2e0e3068b3e17957d7a33f3b4d2c3adfcd04411a4341db851e8,162,162,123,2026-10-05T16:09:12
STED-5-2025-6170-6499.pdf,https://www.fdle.state.fl.us/getContentAsset/d898b77f-20c1-4e71-b633-73671e22eebc/73aabf56-e6e5-4330-95a3-5f2a270a1d2b/STED-5-2025-6170-6499.pdf?language=en,2025,5,parsed,a3310c8ccdeead72d29d12da5f1453eb94ad51790132b3dcc96a4e5660399454,184,184,140,2026-10-05T16:09:13
STED-6-2025-6170-6499.pdf,https://www.fdle.state.fl.us/getContentAsset/28c13700-4fc2-4ba8-95f6-9a83ca8bd7a4/73aabf56-e6e5-4330-95a3-5f2a270a1d2b/STED-6-2025-6170-6499.pdf?language=en,2025,6,parsed,c34ac0308d1e490139a804b7af74eef16e4da9a892b37fc7d1c6b6c87c90e222,102,102,72,2026-10-05T16:09:15
STED-4-2025-6500-UP.pdf,https://www.fdle.state.fl.us/getContentAsset/5ee96cea-21c3-4842-b790-16c0a873e1e2/73aabf56-e6e5-4330-95a3-5f2a270a1d2b/STED-4-2025-6500-UP.pdf?language=en,2025,4,parsed,a7853522bb2159bfb274cd8c9ff982669ca508e7a887fc1d14fc429f1736f4af,489,489,381,2026-10-05T16:09:17
STED-5-2025-6500-UP.pdf,https://www.fdle.state.fl.us/getContentAsset/619f4445-41f4-4b6d-9773-b8f7ff15cd5b/73aabf56-e6e5-4330-95a3-5f2a270a1d2b/STED-5-2025-6500-UP.pdf?language=en,2025,5,parsed,96e3c8d65b03d31bb1c7071f3d7803abd46db038fb30a2b0f65463fad127e7ef,667,667,516,2026-10-05T16:09:20
STED-6-2025-6500-UP.pdf,https://www.fdle.state.fl.us/getContentAsset/60771a1b-ce79-4387-aff7-b81dcc463bbe/73aabf56-e6e5-4330-95a3-5f2a270a1d2b/STED-6-2025-6500-UP.pdf?language=en,2025,6,parsed,498cf63f87216dca610e29d75b629fc8c4cbcce85a602d1a84d10225918284a6,550,550,432,2026-10-05T16:09:23
STED-7-2025-200-867.pdf,https://www.fdle.state.fl.us/getContentAsset/c7462db4-40e2-45be-a823-02eef779982d/73aabf56-e6e5-4330-95a3-5f2a270a1d2b/STED-7-2025-200-867.pdf?language=en,2025,7,parsed,a4bae28d7363b365352059984e288fba974f5a344a87605ed50582f1e520763d,240,240,162,2026-10-05T16:09:37
STED-8-2025-200-867.pdf,https://www.fdle.state.fl.us/getContentAsset/53b1d2c2-bc6a-4a8c-90d8-4941de999bd3/73aabf56-e6e5-4330-95a3-5f2a270a1d2b/STED-8-2025-200-867.pdf?language=en,2025,8,parsed,a7d8dde10a97bd46b2aa4d92c3f0136882c4fad78841b1525b673987382dfd85,224,224,146,2026-10-05T16:09:39
STED-9-2025-200-867.pdf,https://www.fdle.state.fl.us/getContentAsset/6e1d9ea3-1697-4f9d-9b6a-d0c1b9a0e30f/73aabf56-e6e5-4330-95a3-5f2a270a1d2b/STED-9-2025-200-867.pdf?language=en,2025,9,parsed,1cf9bfde2a7f32d2d3952a54caa3a34024c5cb8612dbe752f1a24c988ae691de,187,187,134,2026-10-05T16:09:40
STED-10-2025-200-867.pdf,https://www.fdle.state.fl.us/getContentAsset/5db98e86-643e-4acf-9114-6ae81e13b6c7/73aabf56-e6e5-4330-95a3-5f2a270a1d2b/STED-10-2025-200-867.pdf?language=en,2025,10,parsed,8065538e5c1ac6942a95fee7294598835a62d2f9408077fa6ed73e34554c2528,217,217,158,2026-10-05T16:09:42
STED-11-2025-200-867.pdf,https://www.fdle.state.fl.us/getContentAsset/09c138d6-bcb6-44b9-99c7-5368ce8ee00c/73aabf56-e6e5-4330-95a3-5f2a270a1d2b/STED-11-2025-200-867.pdf?language=en,2025,11,parsed,cba0674c5042c8a75a5ae6391c2cace7685a305b7c8b55ee9511a078f8a61cbb,248,248,180,2026-10-05T16:09:44
STED-12-2025-200-867.pdf,https://www.fdle.state.fl.us/getContentAsset/136d2f55-805c-4b04-b131-b7dcd97c174a/73aabf56-e6e5-4330-95a3-5f2a270a1d2b/STED-12-2025-200-867.pdf?language=en,2025,12,parsed,d3730c6955ba1688347ff6ac088f9f313d6dc4ed32b7b76da7d0a3e79c4b859f,261,261,174,2026-10-05T16:09:46
STED-7-2025-868-997.pdf,https://www.fdle.state.fl.us/getContentAsset/e3feb5ab-4852-40d1-b3d5-7f5dee931861/73aabf56-e6e5-4330-95a3-5f2a270a1d2b/STED-7-2025-868-997.pdf?language=en,2025,7,parsed,f4ad26d4e6972b2f68bc89a762a583788479c45ccc59e86dc1f75e99dd0710c7,175,175,120,2026-10-05T16:09:48
STED-8-2025-868-997.pdf,https://www.fdle.state.fl.us/getContentAsset/a35fa82a-1bf4-4e7a-b29d-a002cd2420fb/73aabf56-e6e5-4330-95a3-5f2a270a1d2b/STED-8-2025-868-997.pdf?language=en,2025,8,parsed,2d78bf666c751edcc2d333882953438e57c5d587b59d80888e76c31182120486,206,206,158,2026-10-05T16:09:50
STED-9-2025-868-997.pdf,https://www.fdle.state.fl.us/getContentAsset/20e700df-0b04-4b6e-8a17-1ba3bf3070b8/73aabf56-e6e5-4330-95a3-5f2a270a1d2b/STED-9-2025-868-997.pdf?language=en,2025,9,parsed,49dd8f3db925f4856d8bc2a3ea0f31b78a91375a4d0ed8d61d1480099e996dea,160,160,93,2026-10-05T16:09:52
STED-10-2025-868-997.pdf,https://www.fdle.state.fl.us/getContentAsset/611922e6-c3d6-4e8d-8ddf-6e59acc8284e/73aabf56-e6e5-4330-95a3-5f2a270a1d2b/STED-10-2025-868-997.pdf?language=en,2025,10,parsed,e4881fe8403058adf968b013e3483f0b72182a9b30444d36e1e93ce8d8429dcb,179,179,126,2026-10-05T16:09:53
STED-11-2025-868-997.pdf,https://www.fdle.state.fl.us/getContentAsset/239afe5d-2291-42a3-8e7b-461d926ab82b/73aabf56-e6e5-4330-95a3-5f2a270a1d2b/STED-11-2025-868-997.pdf?language=en,2025,11,parsed,dfc5c1de923411e5ff17858df88281ef294bdca3a8808643f61777f885e8fdcc,237,237,172,2026-10-05T16:09:55
STED-12-2025-868-997.pdf,https://www.fdle.state.fl.us/getContentAsset/9d3c1be5-2911-41e3-8760-ef852de9e905/73aabf56-e6e5-4330-95a3-5f2a270a1d2b/STED-12-2025-868-997.pdf?language=en,2025,12,parsed,007b8c27456acce18bee94cfd2890e77d2f0e1f72182d132e7d881288a17aa87,283,283,219,2026-10-05T16:09:57
STED-7-2025-998-1131.pdf,https://www.fdle.state.fl.us/getContentAsset/50c31b7a-3cbc-4761-a777-da1be5f0fbc5/73aabf56-e6e5-4330-95a3-5f2a270a1d2b/STED-7-2025-998-1131.pdf?language=en,2025,7,parsed,53c5e2206a4fc9b11a79124f7da3596ce60362a2bc74a7a10fa9d30204ff22c4,405,405,289,2026-10-05T16:09:59
STED-8-2025-998-1131.pdf,https://www.fdle.state.fl.us/getContentAsset/0bb4cc66-1306-49eb-94fd-5a899726cebb/73aabf56-e6e5-4330-95a3-5f2a270a1d2b/STED-8-2025-998-1131.pdf?language=en,2025,8,parsed,eae098b2382591f2588715f22aad4267857d1f8475fb1072bb1f154bdf60a9ec,455,455,294,2026-10-05T16:10:02
STED-9-2025-998-1131.pdf,https://www.fdle.state.fl.us/getContentAsset/e2fbb4c7-5c38-4d99-91a0-b7c8a6dbc95e/73aabf56-e6e5-4330-95a3-5f2a270a1d2b/STED-9-2025-998-1131.pdf?language=en,2025,9,parsed,cc99a7043768f74457952808bd712b5d0f77fc6981b23ac43b208a08428c9c00,492,492,323,2026-10-05T16:10:05
STED-10-2025-998-1131.pdf,https://www.fdle.state.fl.us/getContentAsset/a27d8866-3c10-41fa-9b41-bfcb29db5e04/73aabf56-e6e5-4330-95a3-5f2a270a1d2b/STED-10-2025-998-1131.pdf?language=en,2025,10,parsed,264e12895b659e6a2ada64c2cb54691018a419a75aec33e056e854986c985a4d,399,399,303,2026-10-05T16:10:07
STED-11-2025-998-1131.pdf,https://www.fdle.state.fl.us/getContentAsset/c4caade1-5cdd-42ce-9919-cd766ce9a502/73aabf56-e6e5-4330-95a3-5f2a270a1d2b/STED-11-2025-998-1131.pdf?language=en,2025,11,parsed,0870fa678123afcb9ac7ae358d3300c4aa88f95394be4735888050fbda3eca73,401,401,282,2026-10-05T16:10:10
STED-12-2025-998-1131.pdf,https://www.fdle.state.fl.us/getContentAsset/c86ba651-4bd4-4b77-a4d0-db669ebbc92d/73aabf56-e6e5-4330-95a3-5f2a270a1d2b/STED-12-2025-998-1131.pdf?language=en,2025,12,parsed,ef0e5b8a942622ad5d6b5df8773f9e2913469dbfd116dd1e210ceaf03159d225,486,486,336,2026-10-05T16:10:13
STED-7-2025-1132-1274.pdf,https://www.fdle.state.fl.us/getContentAsset/34fa66b3-00cf-4aa9-9468-6b014281fb77/73aabf56-e6e5-4330-95a3-5f2a270a1d2b/STED-7-2025-1132-1274.pdf?language=en,2025,7,parsed,7b806ba80a1a0b55e94db975ebc2d5fb45312d9604f609d7a32da95a5902e0bd,349,349,264,2026-10-05T16:10:15
STED-8-2025-1132-1274.pdf,https://www.fdle.state.fl.us/getContentAsset/05033fd4-852b-4bbe-8dd5-61705dac36ba/73aabf56-e6e5-4330-95a3-5f2a270a1d2b/STED-8-2025-1132-1274.pdf?language=en,2025,8,parsed,a434b6c4004229a8fa5dda7177b921a3072ca9eba2b7523f6e8efd639ea15ca3,324,324,267,2026-10-05T16:10:18
STED-9-2025-1132-1274.pdf,https://www.fdle.state.fl.us/getContentAsset/ee681b57-2b2e-4508-867e-16f4cd79910a/73aabf56-e6e5-4330-95a3-5f2a270a1d2b/STED-9-2025-1132-1274.pdf?language=en,2025,9,parsed,9ff199dafb2ed90b0139f0378654669200630d8e3291be9c1319a8576fa6f55b,218,218,174,2026-10-05T16:10:20
STED-10-2025-1132-1274.pdf,https://www.fdle.state.fl.us/getContentAsset/d69e0afc-e02d-4afa-98e6-6ebca7fce5a7/73aabf56-e6e5-4330-95a3-5f2a270a1d2b/STED-10-2025-1132-1274.pdf?language=en,2025,10,parsed,bc429c13d88986c8d99c3c18b9b17bb58c261263039408c6c2ccc0fcc0e4b12f,205,205,172,2026-10-05T16:10:22
STED-11-2025-1132-1274.pdf,https://www.fdle.state.fl.us/getContentAsset/ee595a2f-9291-4808-8c4c-ccb93723f911/73aabf56-e6e5-4330-95a3-5f2a270a1d2b/STED-11-2025-1132-1274.pdf?language=en,2025,11,parsed,801ae316968879b9d3b9446fc69d0019777cbb61501d270d08105b8b8847f291,222,222,174,2026-10-05T16:10:24
STED-12-2025-1132-1274.pdf,https://www.fdle.state.fl.us/getContentAsset/91bc9e50-4ce3-46ba-b931-155a24a67403/73aabf56-e6e5-4330-95a3-5f2a270a1d2b/STED-12-2025-1132-1274.pdf?language=en,2025,12,parsed,b6fe71f27e86d3856e364f174c1af36f29ca25ce4e9b7707e85ac8456b79e213,210,210,159,2026-10-05T16:10:25
STED-7-2025-1275-1720.pdf,https://www.fdle.state.fl.us/getContentAsset/f475d1d3-2568-4041-be4e-e3ab33bd526f/73aabf56-e6e5-4330-95a3-5f2a270a1d2b/STED-7-2025-1275-1720.pdf?language=en,2025,7,parsed,c00b27d01ab7467542c5726fa9c11986bedf644a66f9d66a8fa7fd9f5a860c51,301,301,202,2026-10-05T16:10:28
STED-8-2025-1275-1720.pdf,https://www.fdle.state.fl.us/getContentAsset/0ec244af-b790-4ab2-ad68-f37752ad72ee/73aabf56-e6e5-4330-95a3-5f2a270a1d2b/STED-8-2025-1275-1720.pdf?language=en,2025,8,parsed,3f12cb8d921027fe6163f1b062b096deae5840d9c6222f1dcf2c0170c93ac751,297,297,204,2026-10-05T16:10:30
STED-9-2025-1275-1720.pdf,https://www.fdle.state.fl.us/getContentAsset/d2af36d8-79f0-4e87-887b-38132d57d5aa/73aabf56-e6e5-4330-95a3-5f2a270a1d2b/STED-9-2025-1275-1720.pdf?language=en,2025,9,parsed,33f2571dd0d15c38c8c437d33a686fce0e36541b3d23266cb453e282dcba0a15,275,275,192,2026-10-05T16:10:32
STED-10-2025-1275-1720.pdf,https://www.fdle.state.fl.us/getContentAsset/b279d9cb-ecd6-435b-9eb2-361758956a75/73aabf56-e6e5-4330-95a3-5f2a270a1d2b/STED-10-2025-1275-1720.pdf?language=en,2025,10,parsed,5fd56d8f9afdc2525b0ac607aeb89aa9086befffb386861b46acbe045c9c60e6,365,365,262,2026-10-05T16:10:34
STED-11-2025-1275-1720.pdf,https://www.fdle.state.fl.us/getContentAsset/286b30a1-4229-4131-b797-2c71e7745c88/73aabf56-e6e5-4330-95a3-5f2a270a1d2b/STED-11-2025-1275-1720.pdf?language=en,2025,11,parsed,f00ee30a97b155f702d75e755fd672af673ac0482903356ea52e453b4d044942,418,418,313,2026-10-05T16:10:36
STED-12-2025-1275-1720.pdf,https://www.fdle.state.fl.us/getContentAsset/36b4b675-3706-48c4-a60e-949a080828dc/73aabf56-e6e5-4330-95a3-5f2a270a1d2b/STED-12-2025-1275-1720.pdf?language=en,2025,12,parsed,52ebe18c1ebe6692f53bb59832e40de56d4a091e75719088f40ca0aba9b454cb,280,280,204,2026-10-05T16:10:38
STED-7-2025-1721-6169.pdf,https://www.fdle.state.fl.us/getContentAsset/024f2c9a-eaf1-4a22-815f-434fa8aba383/73aabf56-e6e5-4330-95a3-5f2a270a1d2b/STED-7-2025-1721-6169.pdf?language=en,2025,7,parsed,e55a6ea4842841d17ebec6dea681066d275102e56dc7a5753268bba88889b189,294,294,196,2026-10-05T16:10:41
STED-8-2025-1721-6169.pdf,https://www.fdle.state.fl.us/getContentAsset/5e72a31c-c7bc-43e1-bf9c-ce4c570b62b8/73aabf56-e6e5-4330-95a3-5f2a270a1d2b/STED-8-2025-1721-6169.pdf?language=en,2025,8,parsed,ff4e5d78d4867cbe0936ecdcce097bfdb9a9d2f42f9679a03ec8746d01ee3291,270,270,186,2026-10-05T16:10:43
STED-9-2025-1721-6169.pdf,https://www.fdle.state.fl.us/getContentAsset/f8e30cf7-4565-427a-accc-c9d46728fe17/73aabf56-e6e5-4330-95a3-5f2a270a1d2b/STED-9-2025-1721-6169.pdf?language=en,2025,9,parsed,bca34364bbcd30b9c6c2f7aa84e81053f82e91afe743fd1b77ebf506f3f39eea,277,277,215,2026-10-05T16:10:45
STED-10-2025-1721-6169.pdf,https://www.fdle.state.fl.us/getContentAsset/6350aaa4-f18b-4f8b-909b-37be50f8faff/73aabf56-e6e5-4330-95a3-5f2a270a1d2b/STED-10-2025-1721-6169.pdf?language=en,2025,10,parsed,d5ee2e441f5b0e4fe19cceeaa6b0cc8aadb217e413156ac2763f0e7a9a765e67,349,349,275,2026-10-05T16:10:47
STED-11-2025-1721-6169.pdf,https://www.fdle.state.fl.us/getContentAsset/b2117d87-558e-4cdc-bb27-41cca6e39a96/73aabf56-e6e5-4330-95a3-5f2a270a1d2b/STED-11-2025-1721-6169.pdf?language=en,2025,11,parsed,54383705459bf138265a13375b6b288953cef8aa43a69f05b8a1a6d0c0431e8c,504,504,409,2026-10-05T16:10:49
STED-12-2025-1721-6169.pdf,https://www.fdle.state.fl.us/getContentAsset/25e0aad9-fac5-4f6b-b3b7-57f8868c6416/73aabf56-e6e5-4330-95a3-5f2a270a1d2b/STED-12-2025-1721-6169.pdf?language=en,2025,12,parsed,66c349a4f0d68b5ef2d373acec1d55621a5316835c49474dae8eda9f36c8926f,369,369,281,2026-10-05T16:10:51
STED-7-2025-6170-6499.pdf,https://www.fdle.state.fl.us/getContentAsset/3e74210a-1000-44a1-b8fe-b0137788046a/73aabf56-e6e5-4330-95a3-5f2a270a1d2b/STED-7-2025-6170-6499.pdf?language=en,2025,7,parsed,ab1c0030362f9d0e2def7ed514452d54f1e54f7d457f563aa0ebd2310c14a963,157,157,137,2026-10-05T16:10:53
STED-8-2025-6170-6499.pdf,https://www.fdle.state.fl.us/getContentAsset/88835fe0-40ea-44bd-b0ad-966a8a27d935/73aabf56-e6e5-4330-95a3-5f2a270a1d2b/STED-8-2025-6170-6499.pdf?language=en,2025,8,parsed,1d8fa1cfbccd7c5d8657c3d93a4bdebb2bc1c860f326c7f3df1bb2caa236d909,247,247,199,2026-10-05T16:10:54
STED-9-2025-6170-6499.pdf,https://www.fdle.state.fl.us/getContentAsset/92e428ed-3ba6-47ea-bb7d-521dce213dfd/73aabf56-e6e5-4330-95a3-5f2a270a1d2b/STED-9-2025-6170-6499.pdf?language=en,2025,9,parsed,9dacb8d8b7dfbf53a9eb346e0099e6c49abfc0f3d4a9e7d40fbb6dbb7e81084b,205,205,170,2026-10-05T16:10:56
STED-10-2025-6170-6499.pdf,https://www.fdle.state.fl.us/getContentAsset/23d7dbf8-caf9-480f-a287-4cd023cc89f1/73aabf56-e6e5-4330-95a3-5f2a270a1d2b/STED-10-2025-6170-6499.pdf?language=en,2025,10,parsed,aa4a771b68ef4bbfd14ad6d9c5f9b13e3a0248d8676bbcd8a2ed8bc131c4c22c,138,138,106,2026-10-05T16:10:58
STED-11-2025-6170-6499.pdf,https://www.fdle.state.fl.us/getContentAsset/4931af27-3634-4eb4-a096-6091091edb5f/73aabf56-e6e5-4330-95a3-5f2a270a1d2b/STED-11-2025-6170-6499.pdf?language=en,2025,11,parsed,2f18d4015dfdb00a610c4188547cd2ee87f3563a5eabc5c1c58cfbb39c092e97,122,122,103,2026-10-05T16:11:00
STED-12-2025-6170-6500.pdf,https://www.fdle.state.fl.us/getContentAsset/a435d703-00b5-47ea-8485-f3e683d793e4/73aabf56-e6e5-4330-95a3-5f2a270a1d2b/STED-12-2025-6170-6500.pdf?language=en,2025,12,parsed,a4c2ca4aeeb8c3db423b6e6c84e94bff0470f15b3850d9aff0c1e9cb262592ed,96,96,82,2026-10-05T16:11:01
STED-7-2025-6500-UP.pdf,https://www.fdle.state.fl.us/getContentAsset/e0385392-297a-476c-aadb-a0b7c9077d1a/73aabf56-e6e5-4330-95a3-5f2a270a1d2b/STED-7-2025-6500-UP.pdf?language=en,2025,7,parsed,d17587fa4eb84566f905b37a22aa12043d7e343aa04348524e93b7f1783f816d,543,543,422,2026-10-05T16:11:04
STED-8-2025-6500-UP.pdf,https://www.fdle.state.fl.us/getContentAsset/a547aaa6-1816-44d0-b4eb-0a7cf003e43e/73aabf56-e6e5-4330-95a3-5f2a270a1d2b/STED-8-2025-6500-UP.pdf?language=en,2025,8,parsed,e91b75fc07a5427fc8e29689fae5070738abd4d208fbb2c3f9ce8c2649fe1749,553,553,440,2026-10-05T16:11:07
STED-9-2025-6500-UP.pdf,https://www.fdle.state.fl.us/getContentAsset/d9bec402-9cfd-420e-8b80-3fe2b5705c53/73aabf56-e6e5-4330-95a3-5f2a270a1d2b/STED-9-2025-6500-UP.pdf?language=en,2025,9,parsed,7d75beb4a0f0bf853936c408d05117a28c80816b26d43b3ed31e5abeb454296d,550,550,421,2026-10-05T16:11:09
STED-10-2025-6500-UP.pdf,https://www.fdle.state.fl.us/getContentAsset/90dadc70-d204-4593-9ecf-fb6a19c1ddc8/73aabf56-e6e5-4330-95a3-5f2a270a1d2b/STED-10-2025-6500-UP.pdf?language=en,2025,10,parsed,bbf089a91f904bd1d8b09dfe8d7eb37928ccdc9236302e0cb215ea2e1a9f28c3,559,559,424,2026-10-05T16:11:12
STED-11-2025-6500-and-up.pdf,https://www.fdle.state.fl.us/getContentAsset/455f7c5f-f79d-4332-8f75-2d45c0f3fd02/73aabf56-e6e5-4330-95a3-5f2a270a1d2b/STED-11-2025-6500-and-up.pdf?language=en,2025,11,parsed,be7a4a0af5e729a37036d538b50cbd3a8ed46b62e34609560211203188a943c6,500,500,391,2026-10-05T16:11:14
STED-12-2025-6500-and-up.pdf,https://www.fdle.state.fl.us/getContentAsset/5d34652b-0089-46d9-8ed6-9460ef0d0489/73aabf56-e6e5-4330-95a3-5f2a270a1d2b/STED-12-2025-6500-and-up.pdf?language=en,2025,12,parsed,f0716bd37727d34464659ccc66eea353c2b587f223bb6bf44b97f3c4162da4d8,532,532,421,2026-10-05T16:11:17
STED-01-2024-0200-0867.pdf,https://www.fdle.state.fl.us/getContentAsset/98111f00-8ce0-40c2-92a5-c8d39d0d0b56/73aabf56-e6e5-4330-95a3-5f2a270a1d2b/STED-01-2024-0200-0867.pdf?language=en,2024,1,parsed,05691bca89e5d163c0535f7b2e49176af41c46e20082680e4d6ba96a089144c5,272,272,179,2026-10-05T16:11:19
STED-02-2024-0200-0867.pdf,https://www.fdle.state.fl.us/getContentAsset/09017381-5c23-4897-939a-5248f3232cc7/73aabf56-e6e5-4330-95a3-5f2a270a1d2b/STED-02-2024-0200-0867.pdf?language=en,2024,2,parsed,e57ff376918dedef5de5fe09efdb54bfd7e36e9735152113333aa2e9b0b9454a,269,269,187,2026-10-05T16:11:20
STED-03-2024-0200-0867.pdf,https://www.fdle.state.fl.us/getContentAsset/2817488e-114e-4f19-ad24-f830f475b697/73aabf56-e6e5-4330-95a3-5f2a270a1d2b/STED-03-2024-0200-0867.pdf?language=en,2024,3,parsed,f8bdf83c0d421c15c4e0a6e558667ce5371bbd1d9068244c7c4e4096e092d60a,403,403,295,2026-10-05T16:11:22
STED-04-2024-0200-0867.pdf,https://www.fdle.state.fl.us/getContentAsset/b5234238-b357-4c02-aa6b-dbe11f5485dc/73aabf56-e6e5-4330-95a3-5f2a270a1d2b/STED-04-2024-0200-0867.pdf?language=en,2024,4,parsed,b1c112f39467362ad2d22a259a3de1180fb6844f1872ea3ff119e1285c65892d,371,371,256,2026-10-05T16:11:24
STED_202405_200-867.pdf,https://www.fdle.state.fl.us/getContentAsset/35360cd4-7b5d-4bd1-be16-0a1e92851773/73aabf56-e6e5-4330-95a3-5f2a270a1d2b/STED_202405_200-867.pdf?language=en,2024,5,parsed,771621dfe09a3c497ac897b3e820ed3b37cbda8cea3d6c7f4ff0140cf4539b80,352,352,258,2026-10-05T16:11:27
STED-06-2024-0200-0867.pdf,https://www.fdle.state.fl.us/getContentAsset/5e6c626c-a3a9-48b5-a2f9-3440334af356/73aabf56-e6e5-4330-95a3-5f2a270a1d2b/STED-06-2024-0200-0867.pdf?language=en,2024,6,parsed,f194759a161690f744ca8005dcbca0db8fcb66110587471c6ffdbbb4d87655d7,282,282,202,2026-10-05T16:11:28
STED-01-2024-0868-0997.pdf,https://www.fdle.state.fl.us/getContentAsset/54448d84-b5da-41b2-97eb-eb0468487a67/73aabf56-e6e5-4330-95a3-5f2a270a1d2b/STED-01-2024-0868-0997.pdf?language=en,2024,1,parsed,11cdf486117e855443673f489b050969e9bd36e460a8768bc8d26fd3f1830022,195,195,131,2026-10-05T16:11:30
STED-02-2024-0868-0997.pdf,https://www.fdle.state.fl.us/getContentAsset/7b0cf3b3-a5f1-4f39-b357-823ccb40307b/73aabf56-e6e5-4330-95a3-5f2a270a1d2b/STED-02-2024-0868-0997.pdf?language=en,2024,2,parsed,c2e0d41ccf14e47f55f85883d4838b777a262246ccd24593a03686879f8f3b3b,227,227,161,2026-10-05T16:11:32
STED-03-2024-0868-0997.pdf,https://www.fdle.state.fl.us/getContentAsset/54ee14e8-3057-4b6b-81ff-cc270bf87dc5/73aabf56-e6e5-4330-95a3-5f2a270a1d2b/STED-03-2024-0868-0997.pdf?language=en,2024,3,parsed,40ba1a1433848e7a72672391c10c0fbf450b3bbb2f58e87ddf8190f4d80c36d6,198,198,158,2026-10-05T16:11:34
STED-04-2024-0868-0997.pdf,https://www.fdle.state.fl.us/getContentAsset/8e02cbe3-7665-4d78-903d-cd16715cb864/73aabf56-e6e5-4330-95a3-5f2a270a1d2b/STED-04-2024-0868-0997.pdf?language=en,2024,4,parsed,0f9b25bf2b0b4a83d1bf9249f567fc0329988b0429d19f6dd63b704509441a59,224,224,171,2026-10-05T16:11:36
STED-05-2024-0868-0997.pdf,https://www.fdle.state.fl.us/getContentAsset/07a58223-3432-409f-878d-a0b644be998f/73aabf56-e6e5-4330-95a3-5f2a270a1d2b/STED-05-2024-0868-0997.pdf?language=en,2024,5,parsed,b3e190603f76df12b3acbe50df8328cd817fcb8d968caf047156def166f12d3b,290,290,208,2026-10-05T16:11:38
STED-06-2024-0868-0997.pdf,https://www.fdle.state.fl.us/getContentAsset/ad271f37-96ca-483e-b34d-7dba2dd75d9f/73aabf56-e6e5-4330-95a3-5f2a270a1d2b/STED-06-2024-0868-0997.pdf?language=en,2024,6,parsed,cd473950745293554850ead04f4227c4ab3d9a587f6946786a9f6a1dad22f9a2,234,234,176,2026-10-05T16:11:40
STED-01-2024-0998-1131.pdf,https://www.fdle.state.fl.us/getContentAsset/3cda2248-9f50-40d5-96cf-ebb891a7ca1e/73aabf56-e6e5-4330-95a3-5f2a270a1d2b/STED-01-2024-0998-1131.pdf?language=en,2024,1,parsed,57e259d4447eef494f5d7ecd29da81df837f56b0c973479d364d2260644d05d8,371,371,250,2026-10-05T16:11:42
STED-02-2024-0998-1131.pdf,https://www.fdle.state.fl.us/getContentAsset/10df4be8-4954-4604-8b01-59c593bbfd91/73aabf56-e6e5-4330-95a3-5f2a270a1d2b/STED-02-2024-0998-1131.pdf?language=en,2024,2,parsed,5ca5e9a53d0e43f5a9a842c7066769c4710a41b10d185eb5017945fc3cf666b4,354,354,249,2026-10-05T16:11:44
STED-03-2024-0998-1131.pdf,https://www.fdle.state.fl.us/getContentAsset/b5b0a58e-e7cc-4262-b8b9-df82cb67dbd2/73aabf56-e6e5-4330-95a3-5f2a270a1d2b/STED-03-2024-0998-1131.pdf?language=en,2024,3,parsed,7f64f15b7aa58cf8b4dbeb832f9d4530381cf1ff8a8031622e8399538ac9f5cc,307,307,222,2026-10-05T16:11:46
STED-04-2024-0998-1131.pdf,https://www.fdle.state.fl.us/getContentAsset/70d42a66-c898-4a7f-957f-49a3e194f8e3/73aabf56-e6e5-4330-95a3-5f2a270a1d2b/STED-04-2024-0998-1131.pdf?language=en,2024,4,parsed,152470255a092ccebf6b51fd7a15fd10fd71570af11b4c3fb2ce8ac770a5e469,287,287,223,2026-10-05T16:11:48
STED-05-2024-0998-1131.pdf,https://www.fdle.state.fl.us/getContentAsset/7d5f47fc-9167-45bb-a1d6-6be1680fc43d/73aabf56-e6e5-4330-95a3-5f2a270a1d2b/STED-05-2024-0998-1131.pdf?language=en,2024,5,parsed,f5fbae9228a47f081e1f4906a2220bb06561cd14548e2a1c3e96eb4643b73b84,286,286,207,2026-10-05T16:11:50
STED-06-2024-0998-1131.pdf,https://www.fdle.state.fl.us/getContentAsset/14985b07-2d74-4185-b869-4bb6153bd161/73aabf56-e6e5-4330-95a3-5f2a270a1d2b/STED-06-2024-0998-1131.pdf?language=en,2024,6,parsed,3770d1d3fc59dbcb6bb65fd9e4dc6fec682ff5d204c06f000d0ffa9f13a06a52,306,306,229,2026-10-05T16:11:51
STED-01-2024-1132-12174.pdf,https://www.fdle.state.fl.us/getContentAsset/dc9f5bd0-a740-4748-8297-21ec6ec01ad0/73aabf56-e6e5-4330-95a3-5f2a270a1d2b/STED-01-2024-1132-12174.pdf?language=en,2024,1,parsed,895893535640fb5e8dbe55c9f1e0db82bfa32000189a0f75c032868e93026212,316,316,250,2026-10-05T16:11:53
STED-02-2024-1132-1274.pdf,https://www.fdle.state.fl.us/getContentAsset/4fad740c-f717-40b9-bb53-d57a7c13aa07/73aabf56-e6e5-4330-95a3-5f2a270a1d2b/STED-02-2024-1132-1274.pdf?language=en,2024,2,parsed,8b9a772cdc737fca113d97e8e7f45784916f9d61591bab8b9e4f83f8b519b9f3,291,291,223,2026-10-05T16:11:55
STED-03-2024-1132-1274.pdf,https://www.fdle.state.fl.us/getContentAsset/e61c6313-f222-4b29-aaba-897f5009f0c5/73aabf56-e6e5-4330-95a3-5f2a270a1d2b/STED-03-2024-1132-1274.pdf?language=en,2024,3,parsed,0445e12bbb69fbc4a82805c2875aa677fef00ae52d5220b778b95283f331f970,376,376,283,2026-10-05T16:11:58
STED-04-2024-1132-1274.pdf,https://www.fdle.state.fl.us/getContentAsset/0df381f4-e141-4932-bcb8-b5273bf94c25/73aabf56-e6e5-4330-95a3-5f2a270a1d2b/STED-04-2024-1132-1274.pdf?language=en,2024,4,parsed,1f9a53ddd9d101f96354b42223523e86046ecc65b4b65f3f9e963beb50a2f4a1,400,400,277,2026-10-05T16:12:00
STED-05-2024-1132-1274.pdf,https://www.fdle.state.fl.us/getContentAsset/ca7c76d5-37e8-48a1-bd7e-c6802a4a770a/73aabf56-e6e5-4330-95a3-5f2a270a1d2b/STED-05-2024-1132-1274.pdf?language=en,2024,5,parsed,b2785ed0dc8adbf27d49c60fc94c98acccb698eb8f7f81fdc4666ef31a3e0790,330,330,257,2026-10-05T16:12:02
STED-06-2024-1132-1274.pdf,https://www.fdle.state.fl.us/getContentAsset/759dc07e-f81a-45f9-b168-1d12bdb27315/73aabf56-e6e5-4330-95a3-5f2a270a1d2b/STED-06-2024-1132-1274.pdf?language=en,2024,6,parsed,d6a703179544493b97c11b53f9e129f6fb62197edd555cdb2a938e812178c14b,306,306,230,2026-10-05T16:12:04
STED-01-2021-1275-1720.pdf,https://www.fdle.state.fl.us/getContentAsset/3eb9df24-b2a4-4304-ae9d-72a8588fcc16/73aabf56-e6e5-4330-95a3-5f2a270a1d2b/STED-01-2021-1275-1720.pdf?language=en,2021,1,parsed,bb97cb1014e40bbc6022a90c4b913af4e37a9d39fcaf6bb5568f24028c5a6213,356,356,243,2026-10-05T16:12:06
STED-02-2024-1275-1720.pdf,https://www.fdle.state.fl.us/getContentAsset/e4603e84-3860-409c-9ee8-9b269f596aed/73aabf56-e6e5-4330-95a3-5f2a270a1d2b/STED-02-2024-1275-1720.pdf?language=en,2024,2,parsed,59a05c3dd3a30a229b3d0ca0b40bf4509e65758a556b58f9d70381ca41910481,294,294,213,2026-10-05T16:12:08
STED-03-2024-1275-1720.pdf,https://www.fdle.state.fl.us/getContentAsset/b542d777-9275-436b-9fde-db381967b8c3/73aabf56-e6e5-4330-95a3-5f2a270a1d2b/STED-03-2024-1275-1720.pdf?language=en,2024,3,parsed,02d05820ee94242283c3c91de34f91bb2ece05670cc40c6309a0e3995cce5095,362,362,212,2026-10-05T16:12:10
STED-04-2024-1275-1720.pdf,https://www.fdle.state.fl.us/getContentAsset/87d21594-eeb9-4849-95c8-ed20c50ba37f/73aabf56-e6e5-4330-95a3-5f2a270a1d2b/STED-04-2024-1275-1720.pdf?language=en,2024,4,parsed,73ba1f8aedde4fe0d7dfbf49374c027a0e24d2c0111b7774ba6103a38c6db714,400,400,277,2026-10-05T16:12:12
STED-05-2024-1275-1720.pdf,https://www.fdle.state.fl.us/getContentAsset/6dbb00a5-74f6-4f51-9d6a-918b6325b413/73aabf56-e6e5-4330-95a3-5f2a270a1d2b/STED-05-2024-1275-1720.pdf?language=en,2024,5,parsed,3bfc0448c97df10abe9db227f579f41c8f7379883eae0a5678d593c97602b02c,368,368,234,2026-10-05T16:12:14
STED-06-2024-1275-1720.pdf,https://www.fdle.state.fl.us/getContentAsset/a25c66c2-93ae-4a15-93cb-f65e5308cf9f/73aabf56-e6e5-4330-95a3-5f2a270a1d2b/STED-06-2024-1275-1720.pdf?language=en,2024,6,parsed,5d5c5f61eaba85602ee1047b295240f4b846cb537d3cce3447a30d6203b89478,376,376,261,2026-10-05T16:12:16
STED-01-2024-1721-6169.pdf,https://www.fdle.state.fl.us/getContentAsset/0c686ea3-87e4-4abc-8cb8-70c4d889b445/73aabf56-e6e5-4330-95a3-5f2a270a1d2b/STED-01-2024-1721-6169.pdf?language=en,2024,1,parsed,00b1f9cf4e399109a4520ee5a67abb58126643f029817cfdfbe05a9a08ab4ac8,233,233,168,2026-10-05T16:12:19
STED-02-2024-1721-6169.pdf,https://www.fdle.state.fl.us/getContentAsset/5404ec47-10cf-4bfa-a77a-aa5409a81b90/73aabf56-e6e5-4330-95a3-5f2a270a1d2b/STED-02-2024-1721-6169.pdf?language=en,2024,2,parsed,9c47313c47265e2363f4550e401278a1ad9ebaceae47a19e5a3c7565af593789,336,336,274,2026-10-05T16:12:21
STED-03-2024-1721-6169.pdf,https://www.fdle.state.fl.us/getContentAsset/4112c863-d71d-4b2d-815c-317dd1647a77/73aabf56-e6e5-4330-95a3-5f2a270a1d2b/STED-03-2024-1721-6169.pdf?language=en,2024,3,parsed,1bd6d37882ee1c53c509287c578e0c2041db52f25660920375e78aac879d0502,499,499,390,2026-10-05T16:12:23
STED-04-2024-1721-6169.pdf,https://www.fdle.state.fl.us/getContentAsset/cd694d81-a82f-483c-bb5c-4171e6c60479/73aabf56-e6e5-4330-95a3-5f2a270a1d2b/STED-04-2024-1721-6169.pdf?language=en,2024,4,parsed,1d36bd7b054f95c8e123aa5f6ec379c0797f9fb389facd97ac636bbd3f0ff009,263,263,193,2026-10-05T16:12:25
STED-05-2024-1721-6169.pdf,https://www.fdle.state.fl.us/getContentAsset/11769921-a693-478e-9518-6f82ee816dad/73aabf56-e6e5-4330-95a3-5f2a270a1d2b/STED-05-2024-1721-6169.pdf?language=en,2024,5,parsed,4aafc54a7230102f060a21ae536dbee46658e8c274ebeba31d23d45e09d081e5,181,181,139,2026-10-05T16:12:28
STED-06-2024-1721-6169.pdf,https://www.fdle.state.fl.us/getContentAsset/3708bba1-2a88-4c89-a042-0fa9d4bd3c46/73aabf56-e6e5-4330-95a3-5f2a270a1d2b/STED-06-2024-1721-6169.pdf?language=en,2024,6,parsed,61e6c89092aea44a2fdde3264b38bca3360186a7b164e8d5083d91def49c6497,288,288,232,2026-10-05T16:12:29
STED-01-2024-6170-6500.pdf,https://www.fdle.state.fl.us/getContentAsset/622858cc-981d-4348-aa0c-1785c15cced2/73aabf56-e6e5-4330-95a3-5f2a270a1d2b/STED-01-2024-6170-6500.pdf?language=en,2024,1,parsed,e00bcb3be6c23ac8eccc2ad4f83e864a15b4cb0fd1e5e4a23d861713958956f2,233,233,175,2026-10-05T16:12:31
STED-02-2024-6170-6500.pdf,https://www.fdle.state.fl.us/getContentAsset/10518071-9c2e-43fa-b8c9-c89661f869ca/73aabf56-e6e5-4330-95a3-5f2a270a1d2b/STED-02-2024-6170-6500.pdf?language=en,2024,2,parsed,49f96636bf694564e39a9f6353ee85ce6353108263c5e47c0c7a7bbf99db6b99,164,164,112,2026-10-05T16:12:33
STED-03-2024-6170-6500.pdf,https://www.fdle.state.fl.us/getContentAsset/6d5a698a-cf7a-48e4-9923-6f5bce264d02/73aabf56-e6e5-4330-95a3-5f2a270a1d2b/STED-03-2024-6170-6500.pdf?language=en,2024,3,parsed,b700aa2c65baea7ba646058cddf36cc936cf0217c253c14e6f0153580a31c741,200,200,139,2026-10-05T16:12:35
STED-04-2024-6170-6500.pdf,https://www.fdle.state.fl.us/getContentAsset/d7368a73-bc17-42da-903f-94c6c87348b1/73aabf56-e6e5-4330-95a3-5f2a270a1d2b/STED-04-2024-6170-6500.pdf?language=en,2024,4,parsed,37fc2e6878b81b85481e8b2156033bab5ee0f891b410281cfb95ec1b4f557065,168,168,129,2026-10-05T16:12:36
STED-05-2024-6170-6500.pdf,https://www.fdle.state.fl.us/getContentAsset/f8744f78-aca6-4713-bdac-60ae2be4b4f2/73aabf56-e6e5-4330-95a3-5f2a270a1d2b/STED-05-2024-6170-6500.pdf?language=en,2024,5,parsed,6665ae03c70183c38f3bbf241ba8147f44a4e1eebf0d4912161b5cb06bb58da7,181,181,139,2026-10-05T16:12:38
STED-06-2024-6170-6500.pdf,https://www.fdle.state.fl.us/getContentAsset/b8887e69-8c1c-4ace-ba9d-c86894c8e05e/73aabf56-e6e5-4330-95a3-5f2a270a1d2b/STED-06-2024-6170-6500.pdf?language=en,2024,6,parsed,3953538e60d6d7a7dfe23bc74ca4fa7454e62cd367caf3b93958492ef1d55edd,243,243,206,2026-10-05T16:12:40
STED-01-2024-6500-UP.pdf,https://www.fdle.state.fl.us/getContentAsset/8d6ece42-c556-441a-850e-23d115a45fa1/73aabf56-e6e5-4330-95a3-5f2a270a1d2b/STED-01-2024-6500-UP.pdf?language=en,2024,1,parsed,d0a129685c843e08e715e13b4de0fa7696f88868ee20db187b849cc24b91ab85,480,480,384,2026-10-05T16:12:42
STED-02-2024-6500-UP.pdf,https://www.fdle.state.fl.us/getContentAsset/0351810e-b445-42e0-a2dc-cd50763a1c79/73aabf56-e6e5-4330-95a3-5f2a270a1d2b/STED-02-2024-6500-UP.pdf?language=en,2024,2,parsed,3c135c252669a8f548bea2e0805eb2d530909a551d81813b8a2c16c77e75d2aa,393,393,308,2026-10-05T16:12:44
STED-03-2024-6500-UP.pdf,https://www.fdle.state.fl.us/getContentAsset/8f24315e-29df-4e37-8ea7-cb83668a88e0/73aabf56-e6e5-4330-95a3-5f2a270a1d2b/STED-03-2024-6500-UP.pdf?language=en,2024,3,parsed,7a96b2f737836cc7b093af60f181f1120400dfe838dea70391682d7cd086a14e,437,437,324,2026-10-05T16:12:46
STED-04-2024-6500-UP.pdf,https://www.fdle.state.fl.us/getContentAsset/0cc4a2ad-e12d-48db-a02d-9f019adfeb79/73aabf56-e6e5-4330-95a3-5f2a270a1d2b/STED-04-2024-6500-UP.pdf?language=en,2024,4,parsed,7a6c2ce9d5543ac6b95c4da4a9f8187fa525bc189661008c949f83a53547b740,355,355,274,2026-10-05T16:12:48
STED-05-2024-6500-up.pdf,https://www.fdle.state.fl.us/getContentAsset/06a4f630-2c19-4d29-aaca-9c4e55d80795/73aabf56-e6e5-4330-95a3-5f2a270a1d2b/STED-05-2024-6500-up.pdf?language=en,2024,5,parsed,996404ad23caf1c279a0ba2065b37dbaf5cdf9374b57314dba4ae925cc6130d0,494,494,390,2026-10-05T16:12:51
STED-06-2024-6500-UP.pdf,https://www.fdle.state.fl.us/getContentAsset/0e840fca-a2b4-4cce-b70d-916e09ec149a/73aabf56-e6e5-4330-95a3-5f2a270a1d2b/STED-06-2024-6500-UP.pdf?language=en,2024,6,parsed,5134e501feed01f5c49d3cd8b6d98058a3e8e18d5bc83fc7f052b99b3ff4c85f,365,365,249,2026-10-05T16:12:53
STED-07-2024-0200-0867.pdf,https://www.fdle.state.fl.us/getContentAsset/f9c1a028-67fb-46a8-96e8-11f3aecd2dd4/73aabf56-e6e5-4330-95a3-5f2a270a1d2b/STED-07-2024-0200-0867.pdf?language=en,2024,7,parsed,c5b4081fba844d39099333bae3c59123868db474f124e263395df71e67d4e199,304,304,232,2026-10-05T16:12:55
STED-08-2024-0200-0867.pdf,https://www.fdle.state.fl.us/getContentAsset/3ae35d3c-6105-4750-8029-b385e90a80ad/73aabf56-e6e5-4330-95a3-5f2a270a1d2b/STED-08-2024-0200-0867.pdf?language=en,2024,8,parsed,8ca62d7e33a31e4248ad479b0a3591e22ed53d8c21a6a265044b14c345f84086,272,272,194,2026-10-05T16:12:57
STED-09-2024-0200-0867.pdf,https://www.fdle.state.fl.us/getContentAsset/ee45e8b8-fd1e-48c6-a4b1-e8daff1a24cf/73aabf56-e6e5-4330-95a3-5f2a270a1d2b/STED-09-2024-0200-0867.pdf?language=en,2024,9,parsed,80207dbbb9c28598d4dfb4db188319b864fe48b1d6f34bb7f40b814fda74487e,298,298,189,2026-10-05T16:12:58
STED-10-2024-0200-0867.pdf,https://www.fdle.state.fl.us/getContentAsset/52236bda-da0d-426c-8ccc-156ea44830d2/73aabf56-e6e5-4330-95a3-5f2a270a1d2b/STED-10-2024-0200-0867.pdf?language=en,2024,10,parsed,8ac069e93ee07ab24666f3d10dcb7d6362312ce963b16e5305c375e3c3ebab57,231,231,159,2026-10-05T16:13:00
STED-11-2024-0200-0867.pdf,https://www.fdle.state.fl.us/getContentAsset/7c0c39b5-9600-4228-8cd6-3590e4094844/73aabf56-e6e5-4330-95a3-5f2a270a1d2b/STED-11-2024-0200-0867.pdf?language=en,2024,11,parsed,40e99aeb34f01377bca0ad6dd42feae5797d0a70716f2adabdf5485d5809ec23,263,263,175,2026-10-05T16:13:02
STED-12-2024-0200-0867.pdf,https://www.fdle.state.fl.us/getContentAsset/bb6b9467-0354-478a-994e-4d6ce16b1f4f/73aabf56-e6e5-4330-95a3-5f2a270a1d2b/STED-12-2024-0200-0867.pdf?language=en,2024,12,parsed,8295e5ae3c59bd7d58a1768bfe81d79f38cc16c238128e99ca22d3548e6a2ed8,265,265,178,2026-10-05T16:13:04
STED-07-2024-0868-0997.pdf,https://www.fdle.state.fl.us/getContentAsset/f4f739fb-f579-473a-a4fc-d7bf16e4448e/73aabf56-e6e5-4330-95a3-5f2a270a1d2b/STED-07-2024-0868-0997.pdf?language=en,2024,7,parsed,f791951942f12477f94a629742f9fa27b785d886680d16570c34c53bcd6e23c5,296,296,208,2026-10-05T16:13:05
STED-08-2024-0868-0997.pdf,https://www.fdle.state.fl.us/getContentAsset/501d5e82-00b1-4537-b152-2d248c69e759/73aabf56-e6e5-4330-95a3-5f2a270a1d2b/STED-08-2024-0868-0997.pdf?language=en,2024,8,parsed,47f58c78d65c4dae3841172c7dd5ab77b93f5d5c89f046b8f7f439d3a69697d4,230,230,160,2026-10-05T16:13:07
STED-09-2024-0868-0997.pdf,https://www.fdle.state.fl.us/getContentAsset/b938c74e-098d-4ccd-ac21-e70f7f67eade/73aabf56-e6e5-4330-95a3-5f2a270a1d2b/STED-09-2024-0868-0997.pdf?language=en,2024,9,parsed,fa03c1da693cea815ce30fb84c56df9717f2af4c213daff9d395e5a2ea6121a2,253,253,160,2026-10-05T16:13:09
STED-10-2024-0868-0997.pdf,https://www.fdle.state.fl.us/getContentAsset/f2f47d05-2e22-4e65-b8aa-9ac3763856d8/73aabf56-e6e5-4330-95a3-5f2a270a1d2b/STED-10-2024-0868-0997.pdf?language=en,2024,10,parsed,0c37a927475ca4d2eaf177e5675923b2b174f850cf6fa5a1fb119033a2c1dae4,175,175,115,2026-10-05T16:13:11
STED-11-2024-0868-0997.pdf,https://www.fdle.state.fl.us/getContentAsset/8d246cb9-822e-4be8-9775-c7c5b60bb918/73aabf56-e6e5-4330-95a3-5f2a270a1d2b/STED-11-2024-0868-0997.pdf?language=en,2024,11,parsed,9c184d338e067b082b4eb405a1c5c1a2f07ef6c3907533700439b11b1b506186,177,177,117,2026-10-05T16:13:12
STED-12-2024-0868-0997.pdf,https://www.fdle.state.fl.us/getContentAsset/c9cd868a-2f2a-4341-8a65-2d990bbfbb4d/73aabf56-e6e5-4330-95a3-5f2a270a1d2b/STED-12-2024-0868-0997.pdf?language=en,2024,12,parsed,e64a87844b8caa97a2100bf96a5a81054caf566c40bd700a128a35769f9a80de,259,259,181,2026-10-05T16:13:15
STED-07-2024-0998-1131.pdf,https://www.fdle.state.fl.us/getContentAsset/8ff48019-4573-4726-bf19-3341a5a4f0bd/73aabf56-e6e5-4330-95a3-5f2a270a1d2b/STED-07-2024-0998-1131.pdf?language=en,2024,7,parsed,66cf1d928ae57e170d10b7e153d4a0b0af4e0cd8a7b9026acd7983c05de70575,273,273,184,2026-10-05T16:13:17
STED-08-2024-0998-1131.pdf,https://www.fdle.state.fl.us/getContentAsset/e022316c-1efe-4bfa-b603-3385a3c60bef/73aabf56-e6e5-4330-95a3-5f2a270a1d2b/STED-08-2024-0998-1131.pdf?language=en,2024,8,parsed,d578c2083181226d4bd1c52135268db9ecb2010c483c97f3817671f0345cff40,333,333,233,2026-10-05T16:13:19
STED-09-2024-0998-1131.pdf,https://www.fdle.state.fl.us/getContentAsset/8e4866b7-9370-468e-b14e-6682b780ced1/73aabf56-e6e5-4330-95a3-5f2a270a1d2b/STED-09-2024-0998-1131.pdf?language=en,2024,9,parsed,1366fd2a486e0c72bd2d29a0124052e4f0c17c88a221a53f73742c7df8645b07,244,244,169,2026-10-05T16:13:21
STED-10-2024-0998-1131.pdf,https://www.fdle.state.fl.us/getContentAsset/ab1e4bae-4219-4ad6-89ec-fc77503563e5/73aabf56-e6e5-4330-95a3-5f2a270a1d2b/STED-10-2024-0998-1131.pdf?language=en,2024,10,parsed,3a3b9d24713e1536f589805df23410a13a120b0300562a0dee732f8340d858a1,295,295,190,2026-10-05T16:13:23
STED-11-2024-0998-1131.pdf,https://www.fdle.state.fl.us/getContentAsset/134a1a52-830d-44e5-b91f-d02352b9694f/73aabf56-e6e5-4330-95a3-5f2a270a1d2b/STED-11-2024-0998-1131.pdf?language=en,2024,11,parsed,718eabb91b47182836d99aaf5f466bdfafbb57b954adcf6b0f5815711514ca8a,347,347,234,2026-10-05T16:13:25
STED-12-2024-0998-1131.pdf,https://www.fdle.state.fl.us/getContentAsset/7de91463-d807-4b69-9f67-cd8b0255f4d7/73aabf56-e6e5-4330-95a3-5f2a270a1d2b/STED-12-2024-0998-1131.pdf?language=en,2024,12,parsed,a15f6bf6953cafa445b9a1c379a1303a5f384219d954e141e04f7ea63c3d2efe,398,398,271,2026-10-05T16:13:27
STED-07-2024-1132-1274.pdf,https://www.fdle.state.fl.us/getContentAsset/f6312867-e563-4067-b85d-117825a0d118/73aabf56-e6e5-4330-95a3-5f2a270a1d2b/STED-07-2024-1132-1274.pdf?language=en,2024,7,parsed,1d41e1f1c2778340847826069542aa88071794afd2edacbc6f4b0fe80ad568e2,328,328,243,2026-10-05T16:13:56
STED-08-2024-1132-1274.pdf,https://www.fdle.state.fl.us/getContentAsset/edc7b155-5630-469a-8bb2-0279a6b5f137/73aabf56-e6e5-4330-95a3-5f2a270a1d2b/STED-08-2024-1132-1274.pdf?language=en,2024,8,parsed,eb8719ec87eb3cfac181841ba8f70635c59a72f99ee2b76afde1de192e24fd13,355,355,273,2026-10-05T16:13:58
STED-09-2024-1132-1274.pdf,https://www.fdle.state.fl.us/getContentAsset/65ca2829-44b2-4440-b49b-2265707c8b87/73aabf56-e6e5-4330-95a3-5f2a270a1d2b/STED-09-2024-1132-1274.pdf?language=en,2024,9,parsed,0354d6ca77fe772ce3a5fc468862f87b02f080b540b2a969723b57027043fc94,347,347,264,2026-10-05T16:14:01
STED-10-2024-1132-1274.pdf,https://www.fdle.state.fl.us/getContentAsset/d1968ec4-1c31-4507-8f3b-207f3491d18f/73aabf56-e6e5-4330-95a3-5f2a270a1d2b/STED-10-2024-1132-1274.pdf?language=en,2024,10,parsed,67783eb696811ad711f585b7d5d8b563bf46f597258451f97e41e719daa57724,309,309,240,2026-10-05T16:14:02
STED-11-2024-1132-1274.pdf,https://www.fdle.state.fl.us/getContentAsset/b748ae1c-08e5-4d37-9a18-2a66f3e37d13/73aabf56-e6e5-4330-95a3-5f2a270a1d2b/STED-11-2024-1132-1274.pdf?language=en,2024,11,parsed,afa3089c11f53166cd97fb1c6769883d362ae7456648450d206f43d824272821,311,311,260,2026-10-05T16:14:04
STED-12-2024-1132-1274.pdf,https://www.fdle.state.fl.us/getContentAsset/33a1505b-677d-4958-9c43-c72ad7af60f6/73aabf56-e6e5-4330-95a3-5f2a270a1d2b/STED-12-2024-1132-1274.pdf?language=en,2024,12,parsed,5ed2a173e07a5aac90902c33800ed0b938d193999dd8b38da00892ddd63efc66,240,240,189,2026-10-05T16:14:06
STED-07-2024-1275-1720.pdf,https://www.fdle.state.fl.us/getContentAsset/fe4fd085-0137-4a76-bbea-61f3ba5466a4/73aabf56-e6e5-4330-95a3-5f2a270a1d2b/STED-07-2024-1275-1720.pdf?language=en,2024,7,parsed,f99f0a810a37f3d7c1910c0000a1a9d1e1d37f5d02c35919badcdfd3f8c07359,303,303,204,2026-10-05T16:14:08
STED-08-2024-1275-1720.pdf,https://www.fdle.state.fl.us/getContentAsset/ae0bd8f7-b25f-45b1-aa53-48048d00d5f7/73aabf56-e6e5-4330-95a3-5f2a270a1d2b/STED-08-2024-1275-1720.pdf?language=en,2024,8,parsed,1d556f49d08ba5fcaa8f8ee17de3e056bb0c5ccce64a4ff6a910900225f2f724,347,347,234,2026-10-05T16:14:10
STED-09-2024-1275-1720.pdf,https://www.fdle.state.fl.us/getContentAsset/bac0b4a9-f923-4737-82fb-6587968475db/73aabf56-e6e5-4330-95a3-5f2a270a1d2b/STED-09-2024-1275-1720.pdf?language=en,2024,9,parsed,2355d18d81340ffdd3e7225fb2fd25f31a2edc0cf5e54d136265d5e0ed2d32b7,249,249,175,2026-10-05T16:14:12
STED-10-2024-1275-1720.pdf,https://www.fdle.state.fl.us/getContentAsset/d9e74c6f-e45a-470f-932f-a8bba90d4843/73aabf56-e6e5-4330-95a3-5f2a270a1d2b/STED-10-2024-1275-1720.pdf?language=en,2024,10,parsed,7933f19ebfda2c356326d5475f7ea961c3e21105e65174d28556e6cb49a7c819,221,221,154,2026-10-05T16:14:13
STED-11-2024-1275-1720.pdf,https://www.fdle.state.fl.us/getContentAsset/9bf6b02c-c610-43f3-ace6-c5e547666cba/73aabf56-e6e5-4330-95a3-5f2a270a1d2b/STED-11-2024-1275-1720.pdf?language=en,2024,11,parsed,056da11571767d06e72db839ba12027ccf5279d30bb345f75a88e77ae73a1c2a,392,392,269,2026-10-05T16:14:17
STED-12-2024-1275-1720.pdf,https://www.fdle.state.fl.us/getContentAsset/32a12dac-754a-402b-8477-4c1aa8a14b58/73aabf56-e6e5-4330-95a3-5f2a270a1d2b/STED-12-2024-1275-1720.pdf?language=en,2024,12,parsed,06219459b909a255a6b748ad1c930321c41537339d8fdcbfd219f90190e36f3e,389,389,256,2026-10-05T16:14:19
STED-07-2024-1721-6169.pdf,https://www.fdle.state.fl.us/getContentAsset/4dabbf8b-9c23-4cbc-b927-212b269a9bc1/73aabf56-e6e5-4330-95a3-5f2a270a1d2b/STED-07-2024-1721-6169.pdf?language=en,2024,7,parsed,cfa4e4dbb52b293ae6da2236c1c067f2a8d0a3a11f8a70a9a6ec863157dbf7aa,296,296,234,2026-10-05T16:14:21
STED-08-2024-1721-6169.pdf,https://www.fdle.state.fl.us/getContentAsset/7a13a9b8-a843-44cf-8c6a-fd29e0e3782b/73aabf56-e6e5-4330-95a3-5f2a270a1d2b/STED-08-2024-1721-6169.pdf?language=en,2024,8,parsed,39c21ce0dd6b4352c0deedab7aef32b3d72ae7297eb929de81128bc9e0b2dc3b,391,391,306,2026-10-05T16:14:23
STED-09-2024-1721-6169.pdf,https://www.fdle.state.fl.us/getContentAsset/5624f127-bae6-4382-84d9-b04ac5a45818/73aabf56-e6e5-4330-95a3-5f2a270a1d2b/STED-09-2024-1721-6169.pdf?language=en,2024,9,parsed,8cfbb9bb0264c55d563db8bbf64d2f7b844b0c5e60fb7f2a9cf05e27837d017c,442,442,338,2026-10-05T16:14:25
STED-10-2024-1721-6169.pdf,https://www.fdle.state.fl.us/getContentAsset/badb8993-41ed-4d29-9b3d-71b044b2a98c/73aabf56-e6e5-4330-95a3-5f2a270a1d2b/STED-10-2024-1721-6169.pdf?language=en,2024,10,parsed,ebffa3b17fefe0e24693faf14a53349e61f43c00d32295c154a554bea6002c36,345,345,259,2026-10-05T16:14:27
STED-11-2024-1721-6169.pdf,https://www.fdle.state.fl.us/getContentAsset/6aca3fa7-dda5-4a2e-83c0-b025f9f0d422/73aabf56-e6e5-4330-95a3-5f2a270a1d2b/STED-11-2024-1721-6169.pdf?language=en,2024,11,parsed,944ef747886b835d37b3f341347e069b0cd02ab12aee9208aa29230254675e99,292,292,203,2026-10-05T16:14:29
STED-12-2024-1721-6169.pdf,https://www.fdle.state.fl.us/getContentAsset/e7b91a58-da88-4add-84e4-583a3167262f/73aabf56-e6e5-4330-95a3-5f2a270a1d2b/STED-12-2024-1721-6169.pdf?language=en,2024,12,parsed,49bf6c5873951b966b320acde622c22dfa5722196590431ae3d183286b9c962b,234,234,185,2026-10-05T16:14:31
STED-07-2024-6170-6500.pdf,https://www.fdle.state.fl.us/getContentAsset/cc971dcd-f8cc-4f04-914f-67260a4bf672/73aabf56-e6e5-4330-95a3-5f2a270a1d2b/STED-07-2024-6170-6500.pdf?language=en,2024,7,parsed,425c401c2ac27a3cb6d2bb0ad025f85783f31e7e7460ec5e6712a33f2b4a6ea1,196,196,155,2026-10-05T16:14:32
STED-08-2024-6170-6500.pdf,https://www.fdle.state.fl.us/getContentAsset/9abf4cbe-cc2f-4428-83ae-32a280cedb0f/73aabf56-e6e5-4330-95a3-5f2a270a1d2b/STED-08-2024-6170-6500.pdf?language=en,2024,8,parsed,2fd90b9c78331cb578dbcc4ae4ec62058a0c413212a222f036ef303634c5fea7,227,227,179,2026-10-05T16:14:34
STED-09-2024-6170-6500.pdf,https://www.fdle.state.fl.us/getContentAsset/bb9d19eb-b05c-4145-97b1-7e10cf0987d7/73aabf56-e6e5-4330-95a3-5f2a270a1d2b/STED-09-2024-6170-6500.pdf?language=en,2024,9,parsed,237a99ac95f0cb14d9602edf2975284ecd07c8dcde5f324cbe8cfe3127f5b03a,106,106,70,2026-10-05T16:14:35
STED-10-2024-6170-6500.pdf,https://www.fdle.state.fl.us/getContentAsset/3af0e9ff-df29-447b-8c90-c449b84fe32f/73aabf56-e6e5-4330-95a3-5f2a270a1d2b/STED-10-2024-6170-6500.pdf?language=en,2024,10,parsed,3c6830cdb44588bd89386d62e3050ae2eb2de4340bf3a0e8ab80c266dfe89d13,132,132,94,2026-10-05T16:14:37
STED-11-2024-6170-6500.pdf,https://www.fdle.state.fl.us/getContentAsset/1f916d9f-a60f-4311-bb03-28622635fcfb/73aabf56-e6e5-4330-95a3-5f2a270a1d2b/STED-11-2024-6170-6500.pdf?language=en,2024,11,parsed,60971c290ee822998fcec347382a6067823f5824898959fd0d4d3ed7c2760129,202,202,168,2026-10-05T16:14:38
STED-12-2024-6170-6500.pdf,https://www.fdle.state.fl.us/getContentAsset/e55b9228-cc4c-48f4-9b32-79f7a6be3463/73aabf56-e6e5-4330-95a3-5f2a270a1d2b/STED-12-2024-6170-6500.pdf?language=en,2024,12,parsed,2aeb874d6020a08d8ad05f4083690dec9058e363feba2a7de12593e9ff652150,175,175,135,2026-10-05T16:14:40
STED-07-2024-6500-UP.pdf,https://www.fdle.state.fl.us/getContentAsset/85d897c8-debd-415a-8e05-4478f4218f35/73aabf56-e6e5-4330-95a3-5f2a270a1d2b/STED-07-2024-6500-UP.pdf?language=en,2024,7,parsed,26526583b5c6c627014b774dc17d3e9d7298e13709540bfb1b2cfd1f4a8f5191,474,474,352,2026-10-05T16:14:42
STED-08-2024-6500-UP.pdf,https://www.fdle.state.fl.us/getContentAsset/bee45844-b894-411c-aa64-64104b5129fb/73aabf56-e6e5-4330-95a3-5f2a270a1d2b/STED-08-2024-6500-UP.pdf?language=en,2024,8,parsed,27da39c2ab89252f290afbce29557eeef0c597daa21167f7bf941ee352247556,424,424,293,2026-10-05T16:14:44
STED-09-2024-6500-UP.pdf,https://www.fdle.state.fl.us/getContentAsset/3bd9785a-0000-4d06-953d-a63c047ea035/73aabf56-e6e5-4330-95a3-5f2a270a1d2b/STED-09-2024-6500-UP.pdf?language=en,2024,9,parsed,a3463f42d8791fdfa4eabf1d615d6f642d24b9e1540468ab899f0f6c2c88fa71,427,427,310,2026-10-05T16:14:46
STED-10-2024-6500-UP.pdf,https://www.fdle.state.fl.us/getContentAsset/2cbe2a25-6d83-4687-9631-f5d24d19a71f/73aabf56-e6e5-4330-95a3-5f2a270a1d2b/STED-10-2024-6500-UP.pdf?language=en,2024,10,parsed,ceb14ba7ba0b6a100936f16eccccd0fc32036a5daa56782342f2bb4f203d4f19,430,430,315,2026-10-05T16:14:49
STED-11-2024-6500-up.pdf,https://www.fdle.state.fl.us/getContentAsset/bc242e9b-af08-46ec-bd59-9a54eec57cb6/73aabf56-e6e5-4330-95a3-5f2a270a1d2b/STED-11-2024-6500-up.pdf?language=en,2024,11,parsed,9976750829672c410dda3f1b044e753ffcbb38068268e5a7289e0540ea4d6305,452,452,332,2026-10-05T16:14:51
STED-12-2024-6500-UP.pdf,https://www.fdle.state.fl.us/getContentAsset/db2a7d05-6528-44c4-a183-c62ba31a06af/73aabf56-e6e5-4330-95a3-5f2a270a1d2b/STED-12-2024-6500-UP.pdf?language=en,2024,12,parsed,bf3e8ed3a797c69ce5d877a2879e91ebb110166c3e471265aa573b2faa29b58c,516,516,383,2026-10-05T16:14:54
STED-01-2023-0200-0867.pdf,https://www.fdle.state.fl.us/getContentAsset/6e08345d-ffa5-4aae-8156-2adced6a0dd8/73aabf56-e6e5-4330-95a3-5f2a270a1d2b/STED-01-2023-0200-0867.pdf?language=en,2023,1,parsed,7c42ae982e9211c6e5b1da07b0992acea5a762ac6f52d45867964dac49e3be59,129,129,78,2026-10-05T16:14:56
STED-02-2023-0200-0867.pdf,https://www.fdle.state.fl.us/getContentAsset/ecf64ce2-9dd2-4256-9d03-278e0aa03a20/73aabf56-e6e5-4330-95a3-5f2a270a1d2b/STED-02-2023-0200-0867.pdf?language=en,2023,2,parsed,d240fc614cdbc383ae5a5a1dc5a917863d43f840338c5e3b26a742e63b1d33bc,251,251,177,2026-10-05T16:14:57
STED-03-2023-0200-0867.pdf,https://www.fdle.state.fl.us/getContentAsset/eca191f4-5b5d-4970-adae-83b9f0a4f0f2/73aabf56-e6e5-4330-95a3-5f2a270a1d2b/STED-03-2023-0200-0867.pdf?language=en,2023,3,parsed,6ef85d7be6b8f0bab9037aaac5dadfc80ef94d17afb5c762e7972df346ece677,343,343,249,2026-10-05T16:14:59
STED-04-2023-0200-0867.pdf,https://www.fdle.state.fl.us/getContentAsset/a6f3fb7d-59fd-4fb8-ae20-367dab3278f0/73aabf56-e6e5-4330-95a3-5f2a270a1d2b/STED-04-2023-0200-0867.pdf?language=en,2023,4,parsed,f1fe7d1b8fbf5251b65a70efd12bee75a3d347fc90ac64c754adec9840b7381d,308,308,213,2026-10-05T16:15:01
STED-05-2023-0200-0867.pdf,https://www.fdle.state.fl.us/getContentAsset/9c106bfe-87c3-446c-a08a-c2ea2dbb0974/73aabf56-e6e5-4330-95a3-5f2a270a1d2b/STED-05-2023-0200-0867.pdf?language=en,2023,5,parsed,3030104e6eeca4ebac362e5121864776577ad045f4688eaa6e8f2d7ef24cf26c,263,263,170,2026-10-05T16:15:04
STED-06-2023-0200-0867.pdf,https://www.fdle.state.fl.us/getContentAsset/982952d3-1106-4c37-8059-8fccf55d0ee6/73aabf56-e6e5-4330-95a3-5f2a270a1d2b/STED-06-2023-0200-0867.pdf?language=en,2023,6,parsed,6ec171e073121c1b7ef5efd48a5b005e4756e756b2e73b1c762ffa57d369eccc,229,229,163,2026-10-05T16:15:06
STED-01-2023-0868-0997.pdf,https://www.fdle.state.fl.us/getContentAsset/80a837db-c087-483f-a468-2d8e227fa92a/73aabf56-e6e5-4330-95a3-5f2a270a1d2b/STED-01-2023-0868-0997.pdf?language=en,2023,1,parsed,dcc6e9ad23fedd715c0331c8032f559a0d0581feb9da34f1b5b5af36dbd7644a,267,267,184,2026-10-05T16:15:08
STED-02-2023-0868-0997.pdf,https://www.fdle.state.fl.us/getContentAsset/f977c836-a5b6-47f0-b987-7ad631e7ca8e/73aabf56-e6e5-4330-95a3-5f2a270a1d2b/STED-02-2023-0868-0997.pdf?language=en,2023,2,parsed,5c8afcdc8b49ccf3d7c77f468efde9fd3ff60cc959fa1fcfee7ce1589e932221,128,128,89,2026-10-05T16:15:09
STED-03-2023-0868-0997.pdf,https://www.fdle.state.fl.us/getContentAsset/817e9f9b-daf6-42a8-8ad1-ed6c754b72d9/73aabf56-e6e5-4330-95a3-5f2a270a1d2b/STED-03-2023-0868-0997.pdf?language=en,2023,3,parsed,c01d9f46fc1a07ffaed3b08f6410460bec65ee2bb9da6aeb3c52019b5f9037af,179,179,131,2026-10-05T16:15:10
STED-04-2023-0868-0997.pdf,https://www.fdle.state.fl.us/getContentAsset/679319c0-f87e-4d3f-91c2-fbe7f19a6b01/73aabf56-e6e5-4330-95a3-5f2a270a1d2b/STED-04-2023-0868-0997.pdf?language=en,2023,4,parsed,fbc611723218fd25a9a5ac96d7ce39c4278cf3470030c41530a364a40f238896,233,233,169,2026-10-05T16:15:12
STED-05-2023-0868-0997.pdf,https://www.fdle.state.fl.us/getContentAsset/4ee1f7dd-7437-486f-95a0-f3ddc27502a3/73aabf56-e6e5-4330-95a3-5f2a270a1d2b/STED-05-2023-0868-0997.pdf?language=en,2023,5,parsed,76f02b9988566003b502a6128ee9c7a15a13565db743c919b011bdcc954b2c7f,298,298,215,2026-10-05T16:15:14
STED-06-2023-0868-0997.pdf,https://www.fdle.state.fl.us/getContentAsset/dff62632-0754-47bf-a57b-aa5138abe272/73aabf56-e6e5-4330-95a3-5f2a270a1d2b/STED-06-2023-0868-0997.pdf?language=en,2023,6,parsed,5ecae57461fd66d144c0b7d48823f0513283047f9437fe2a8c4ca053a2a2e535,205,205,135,2026-10-05T16:15:15
STED-01-2023-0998-1131.pdf,https://www.fdle.state.fl.us/getContentAsset/3af748e3-979e-437d-9357-57b3d1402dd9/73aabf56-e6e5-4330-95a3-5f2a270a1d2b/STED-01-2023-0998-1131.pdf?language=en,2023,1,parsed,85d65ddfadd0a17f0d026f2d1c9baf3bb49b8ad9ed1d3b0013bd8c7c72da3995,236,236,162,2026-10-05T16:15:18
STED-02-2023-0998-1131.pdf,https://www.fdle.state.fl.us/getContentAsset/2ef4cfd7-8525-46ff-910b-d2841bc64b89/73aabf56-e6e5-4330-95a3-5f2a270a1d2b/STED-02-2023-0998-1131.pdf?language=en,2023,2,parsed,bd4cad2b5b8667cf83c0eab187313d046f0b043ecdea0462d97d8b951ce000a9,351,351,242,2026-10-05T16:15:20
STED-03-2023-0998-1131.pdf,https://www.fdle.state.fl.us/getContentAsset/dc8a6d16-781a-4dd9-b709-a616918948c0/73aabf56-e6e5-4330-95a3-5f2a270a1d2b/STED-03-2023-0998-1131.pdf?language=en,2023,3,parsed,47d5b3dc1c8a0ef306f7cbba65c9f566e627f5cd94b6cd9a40285d7ce2619571,423,423,283,2026-10-05T16:15:22
STED-04-2023-0998-1131.pdf,https://www.fdle.state.fl.us/getContentAsset/df51daf1-80b7-49a4-9135-5e773efd9fa1/73aabf56-e6e5-4330-95a3-5f2a270a1d2b/STED-04-2023-0998-1131.pdf?language=en,2023,4,parsed,e423c9984a164b1ab72d27ef29e2c33d06e5f34713a31a464372d8bef02340be,462,462,300,2026-10-05T16:15:25
STED-05-2023-0998-1131.pdf,https://www.fdle.state.fl.us/getContentAsset/36811d6c-8a13-4969-9ba8-33f1240797ea/73aabf56-e6e5-4330-95a3-5f2a270a1d2b/STED-05-2023-0998-1131.pdf?language=en,2023,5,parsed,f586bd5c62f732883ab8f0d776ded2eba9afae3bdac8096ee409bd217ec8493b,469,469,312,2026-10-05T16:15:27
STED-06-2023-0998-1131.pdf,https://www.fdle.state.fl.us/getContentAsset/d736d20d-a4e6-457e-96e0-116a56b660fc/73aabf56-e6e5-4330-95a3-5f2a270a1d2b/STED-06-2023-0998-1131.pdf?language=en,2023,6,parsed,fd912e48d8ea62ea7fe9bf535df2d926dccf4b5ee882b92db9bc7a67b148b8ff,359,359,234,2026-10-05T16:15:29
STED-01-2023-1132-1274.pdf,https://www.fdle.state.fl.us/getContentAsset/58e61658-4e19-4099-b57e-ff7f0cbab0f1/73aabf56-e6e5-4330-95a3-5f2a270a1d2b/STED-01-2023-1132-1274.pdf?language=en,2023,1,parsed,1a12a6b7eb0dcd05edade33e4548fdccf3319600cc54b06b94f7e867a2d6b1b9,118,118,92,2026-10-05T16:15:31
STED-02-2023-1132-1274.pdf,https://www.fdle.state.fl.us/getContentAsset/acb8beb1-3139-48af-b875-17145be97318/73aabf56-e6e5-4330-95a3-5f2a270a1d2b/STED-02-2023-1132-1274.pdf?language=en,2023,2,parsed,92d6418164cfa0900049a2482698b0b43bdf61496ad88d0ebb7a119162419413,253,253,193,2026-10-05T16:15:32
STED-03-2023-1132-1274.pdf,https://www.fdle.state.fl.us/getContentAsset/93539e1c-80b6-4f0b-b050-775fce33a84d/73aabf56-e6e5-4330-95a3-5f2a270a1d2b/STED-03-2023-1132-1274.pdf?language=en,2023,3,parsed,588e818b9fd3190e23b24dd6dabb4489056a1c3274acc52fadc3b486142e22d7,240,240,168,2026-10-05T16:15:34
STED-04-2023-1132-1274.pdf,https://www.fdle.state.fl.us/getContentAsset/74ca7e01-bbab-4f59-8a21-d61e216758cf/73aabf56-e6e5-4330-95a3-5f2a270a1d2b/STED-04-2023-1132-1274.pdf?language=en,2023,4,parsed,694192b457dbe7ab39c4c5e19892c68c8653d809b2afb7a81a5f038613c5617c,246,246,196,2026-10-05T16:15:36
STED-05-2023-1132-1274.pdf,https://www.fdle.state.fl.us/getContentAsset/b4bd558e-e9f9-429c-96ab-c60a5e0c9767/73aabf56-e6e5-4330-95a3-5f2a270a1d2b/STED-05-2023-1132-1274.pdf?language=en,2023,5,parsed,dd22b516eb81592060a1665311cc28fa409c3a65cb7c5b5da1cab8b404adfec9,296,296,229,2026-10-05T16:15:37
STED-06-2023-1132-1274.pdf,https://www.fdle.state.fl.us/getContentAsset/d3ae8f6b-aafb-4f75-a22b-a4dcdeabc171/73aabf56-e6e5-4330-95a3-5f2a270a1d2b/STED-06-2023-1132-1274.pdf?language=en,2023,6,parsed,fbdf175fd8afb893b151ccd3beb894292798ec05f8395038f0f154d4e6763924,227,227,177,2026-10-05T16:15:40
STED-01-2023-1275-1720.pdf,https://www.fdle.state.fl.us/getContentAsset/e27214e7-f0fb-41fd-8ae1-b55c4235a7de/73aabf56-e6e5-4330-95a3-5f2a270a1d2b/STED-01-2023-1275-1720.pdf?language=en,2023,1,parsed,c57a55687a99fe7261b1d178f00ca48db5c46b22cfde94236623469f9a3e4fe9,336,336,227,2026-10-05T16:15:42
STED-02-2023-1275-1720.pdf,https://www.fdle.state.fl.us/getContentAsset/f0357132-df83-403e-b710-5f1b5c579d72/73aabf56-e6e5-4330-95a3-5f2a270a1d2b/STED-02-2023-1275-1720.pdf?language=en,2023,2,parsed,db968f15c9654592f8e0bf72b960230d177b1bcf7b089aaca7e8dc31533b1041,320,320,219,2026-10-05T16:15:44
STED-03-2023-1275-1720.pdf,https://www.fdle.state.fl.us/getContentAsset/a2e1b683-2a56-49ca-b9b0-5f6d9601ba52/73aabf56-e6e5-4330-95a3-5f2a270a1d2b/STED-03-2023-1275-1720.pdf?language=en,2023,3,parsed,2cb9b64719e131e0148e981ce6e83c48b0654bc063f68be48f450c5554070b9c,289,289,194,2026-10-05T16:15:46
STED-04-2023-1275-1721.pdf,https://www.fdle.state.fl.us/getContentAsset/52a792c3-596c-4077-9995-3c82bcc64db9/73aabf56-e6e5-4330-95a3-5f2a270a1d2b/STED-04-2023-1275-1721.pdf?language=en,2023,4,parsed,258f54a8757b4e9afb6313b8dfe25d917c0e203d11fdb25ca96b17c685f3ad14,236,236,174,2026-10-05T16:15:49
STED-05-2023-1275-1720.pdf,https://www.fdle.state.fl.us/getContentAsset/3f74f858-2832-4bf9-b293-65b035490c19/73aabf56-e6e5-4330-95a3-5f2a270a1d2b/STED-05-2023-1275-1720.pdf?language=en,2023,5,parsed,8e8e20566f8a02f95131bdc4b47eb06278c1e71531e7afc65978d6fa0b0bc94c,272,272,186,2026-10-05T16:15:51
STED-06-2023-1275-1720.pdf,https://www.fdle.state.fl.us/getContentAsset/403be4e7-d98e-44af-8e02-0d3dd3bfbc00/73aabf56-e6e5-4330-95a3-5f2a270a1d2b/STED-06-2023-1275-1720.pdf?language=en,2023,6,parsed,1275104ef8cbaaf1c48491333d93da12343a8f7638b8353784912b3a85b744fd,325,325,225,2026-10-05T16:15:53
STED-01-2023-1721-6169.pdf,https://www.fdle.state.fl.us/getContentAsset/9305957f-e22a-43ce-8924-3fc124d2b2af/73aabf56-e6e5-4330-95a3-5f2a270a1d2b/STED-01-2023-1721-6169.pdf?language=en,2023,1,parsed,31abfbcfe78a8e5c3030e1e1c956884b718949c3a434c904a0150a0369788c72,293,293,208,2026-10-05T16:15:55
STED-02-2023-1721-6169.pdf,https://www.fdle.state.fl.us/getContentAsset/8b5adb61-7b92-4399-9876-60463a6762d6/73aabf56-e6e5-4330-95a3-5f2a270a1d2b/STED-02-2023-1721-6169.pdf?language=en,2023,2,parsed,cc9894af7307da26e32c3215908fdfc96aa6193336602ebc4013a66eb7e18b34,422,422,319,2026-10-05T16:15:58
STED-03-2023-1721-6169.pdf,https://www.fdle.state.fl.us/getContentAsset/329c9603-aac6-4a84-8293-0445df4c44bd/73aabf56-e6e5-4330-95a3-5f2a270a1d2b/STED-03-2023-1721-6169.pdf?language=en,2023,3,parsed,3374023ebef2d3abaf170be5ee5fc382bf3b8c68cfa94431553cf037be37fb21,429,429,327,2026-10-05T16:16:00
STED-04-2023-1722-6169.pdf,https://www.fdle.state.fl.us/getContentAsset/b4717a63-e880-4467-a171-c49658a163c7/73aabf56-e6e5-4330-95a3-5f2a270a1d2b/STED-04-2023-1722-6169.pdf?language=en,2023,4,parsed,33d2a1f2e0cac3aa0747e22a38a30036495cfa0e791134da5a9e1e3e9ee46aca,322,322,218,2026-10-05T16:16:02
STED-05-2023-1721-6169.pdf,https://www.fdle.state.fl.us/getContentAsset/02b8ccb2-2aff-4457-af20-756743e74f21/73aabf56-e6e5-4330-95a3-5f2a270a1d2b/STED-05-2023-1721-6169.pdf?language=en,2023,5,parsed,fe1b0b4d5be831240a650dc742b6d438e25ad03f1673f9e458fc406a67d38efe,345,345,239,2026-10-05T16:16:04
STED-06-2023-1721-6169.pdf,https://www.fdle.state.fl.us/getContentAsset/face8c78-71c6-4187-ac04-0d0fb79ec278/73aabf56-e6e5-4330-95a3-5f2a270a1d2b/STED-06-2023-1721-6169.pdf?language=en,2023,6,parsed,8304529f5e5503e8bf15d0d67fc61dbe04c34ee83c7c51e7f1aade24d71a4a2e,220,220,159,2026-10-05T16:16:05
STED-01-2023-6170-6500.pdf,https://www.fdle.state.fl.us/getContentAsset/87639508-36a7-40bd-953c-c350be11659b/73aabf56-e6e5-4330-95a3-5f2a270a1d2b/STED-01-2023-6170-6500.pdf?language=en,2023,1,parsed,cde90eab4bbe02d246dabd5c4612b5bfa9a246e8e915ce28f216a50acd391537,101,101,82,2026-10-05T16:16:07
STED-02-2023-6170-6500.pdf,https://www.fdle.state.fl.us/getContentAsset/a0aba728-3b60-4e3e-b16b-7bc0a3909052/73aabf56-e6e5-4330-95a3-5f2a270a1d2b/STED-02-2023-6170-6500.pdf?language=en,2023,2,parsed,43d6849e589119d592c7052637471a5b33c7fb91f98ccbd74ab0558b57db1ae1,101,101,79,2026-10-05T16:16:08
STED-03-2023-6170-6500.pdf,https://www.fdle.state.fl.us/getContentAsset/d730afa7-c074-45f8-8554-f5f72b40df7a/73aabf56-e6e5-4330-95a3-5f2a270a1d2b/STED-03-2023-6170-6500.pdf?language=en,2023,3,parsed,7fdd4945582c9027752eb6f4de849a2befa13acd205b1b9be924fcd41f30907f,178,178,137,2026-10-05T16:16:10
STED-04-2023-6170-6500.pdf,https://www.fdle.state.fl.us/getContentAsset/6491f692-4363-4864-9cb9-bbdb5aebe7eb/73aabf56-e6e5-4330-95a3-5f2a270a1d2b/STED-04-2023-6170-6500.pdf?language=en,2023,4,parsed,ca607cff936553caeac2c2d62e3ad4890e6c8d86ff8743609ea5c25c19aad155,272,272,207,2026-10-05T16:16:12
STED-05-2023-6170-6500.pdf,https://www.fdle.state.fl.us/getContentAsset/c2eb8673-6fbb-4dd2-b31c-afc582baee43/73aabf56-e6e5-4330-95a3-5f2a270a1d2b/STED-05-2023-6170-6500.pdf?language=en,2023,5,parsed,3c7ecc273a76809571da851745cf38e96e270c4c013dfc6261f03cfcbd046078,321,321,235,2026-10-05T16:16:14
STED-06-2023-6170-6500.pdf,https://www.fdle.state.fl.us/getContentAsset/d2fce73e-d3df-455f-8f0c-aa7058055e91/73aabf56-e6e5-4330-95a3-5f2a270a1d2b/STED-06-2023-6170-6500.pdf?language=en,2023,6,parsed,5de683649afe50d68f108e8569bca9136c1eeef9792ba0b1c37f020d2e790b79,191,191,150,2026-10-05T16:16:15
STED-01-2023-6500-UP.pdf,https://www.fdle.state.fl.us/getContentAsset/43e8cebe-b7ad-4699-8940-c3262e89fadf/73aabf56-e6e5-4330-95a3-5f2a270a1d2b/STED-01-2023-6500-UP.pdf?language=en,2023,1,parsed,96fb75ed1110386ed9044246971d0ff302096c2c378466cb49b0a8fa0c18828f,296,296,211,2026-10-05T16:16:17
STED-02-2023-6500-UP.pdf,https://www.fdle.state.fl.us/getContentAsset/f505fbff-056d-4d1a-add0-4ec8c4813944/73aabf56-e6e5-4330-95a3-5f2a270a1d2b/STED-02-2023-6500-UP.pdf?language=en,2023,2,parsed,62124c89af0e5ff5090a9d04a69ab2d66e11929414d7603d4eba4cf56bcf5ce7,503,503,374,2026-10-05T16:16:20
STED-03-2023-6500-UP.pdf,https://www.fdle.state.fl.us/getContentAsset/dd81fa14-cd99-493a-ad61-88a748ccb47c/73aabf56-e6e5-4330-95a3-5f2a270a1d2b/STED-03-2023-6500-UP.pdf?language=en,2023,3,parsed,7850a4cad752f1f73a8d3ae85528a8286fc321396c8057dd9ff97f5bd08a7186,564,564,390,2026-10-05T16:16:23
STED-04-2023-6500-UP.pdf,https://www.fdle.state.fl.us/getContentAsset/834bc6c4-1dc6-4bad-b9a9-a6df4f557c05/73aabf56-e6e5-4330-95a3-5f2a270a1d2b/STED-04-2023-6500-UP.pdf?language=en,2023,4,parsed,50323b1d032faf6ee156118dbe5818cd76896b7412c1c6ef3b7845d759ccf935,549,549,426,2026-10-05T16:16:25
STED-05-2023-6500-UP.pdf,https://www.fdle.state.fl.us/getContentAsset/23f6a860-c6ed-4cdf-b316-ed48dfe2e2df/73aabf56-e6e5-4330-95a3-5f2a270a1d2b/STED-05-2023-6500-UP.pdf?language=en,2023,5,parsed,15c9222a15b0ef5d59dba371f559bd0e81489c98da8dda7c3114f8451e4184d7,477,477,349,2026-10-05T16:16:27
STED-06-2023-6500-UP.pdf,https://www.fdle.state.fl.us/getContentAsset/9af3229c-079b-4e39-908f-8f498c5a161f/73aabf56-e6e5-4330-95a3-5f2a270a1d2b/STED-06-2023-6500-UP.pdf?language=en,2023,6,parsed,5cd914dd3205557862a05703bbcecbb730db22d93a5e2ad1403c48a981905588,478,478,354,2026-10-05T16:16:30
STED-07-2023-0200-0867.pdf,https://www.fdle.state.fl.us/getContentAsset/587ebb3f-4ca5-4d64-bf97-3da1d2897730/73aabf56-e6e5-4330-95a3-5f2a270a1d2b/STED-07-2023-0200-0867.pdf?language=en,2023,7,parsed,5160df12cb3e2ce8d5fd571312c588a1e6db1c39002c54a210999ea2cc4049ea,356,356,249,2026-10-05T16:16:32
STED-08-2023-0200-0867.pdf,https://www.fdle.state.fl.us/getContentAsset/916cc6d8-2737-4c03-8061-2a797aa8bd92/73aabf56-e6e5-4330-95a3-5f2a270a1d2b/STED-08-2023-0200-0867.pdf?language=en,2023,8,parsed,1884a4263d3c518a494808f86a413e88aba0b01f0bacb7b657a9e56afa41bdd9,292,292,199,2026-10-05T16:16:34
STED-09-2023-0200-0867.pdf,https://www.fdle.state.fl.us/getContentAsset/219fc6c2-3b92-45f7-9b41-d7dcef5137d6/73aabf56-e6e5-4330-95a3-5f2a270a1d2b/STED-09-2023-0200-0867.pdf?language=en,2023,9,parsed,f342ef6250da84ac56332a1347d189f8c736b38cbf1a4b2fa1f6967458de0dfc,265,265,186,2026-10-05T16:16:35
STED-10-2023-0200-0867.pdf,https://www.fdle.state.fl.us/getContentAsset/76f3998c-37f0-4955-aead-e70cf6279897/73aabf56-e6e5-4330-95a3-5f2a270a1d2b/STED-10-2023-0200-0867.pdf?language=en,2023,10,parsed,1fc7520db64e3e45d5ff0ebb8a1a5b518789163737877c6bce7c7d4d7841eb69,252,252,173,2026-10-05T16:16:37
STED-11-2023-0200-0867.pdf,https://www.fdle.state.fl.us/getContentAsset/344a76f3-3cfe-4413-a513-5a9a050d41b8/73aabf56-e6e5-4330-95a3-5f2a270a1d2b/STED-11-2023-0200-0867.pdf?language=en,2023,11,parsed,b959d5465e71a7f2fc29008bd4fe117771f3dc3f55c74e050846478e17ad3532,222,222,153,2026-10-05T16:16:38
STED-12-2023-0200-0867.pdf,https://www.fdle.state.fl.us/getContentAsset/1e9e7902-982c-4aae-b0c6-bd5fec67c4fd/73aabf56-e6e5-4330-95a3-5f2a270a1d2b/STED-12-2023-0200-0867.pdf?language=en,2023,12,parsed,17a9830ed2df1c7cc9e57fc99dda2ef07f1f13dafa042584f97769ce0f13cc5c,256,256,184,2026-10-05T16:16:40
STED-07-2023-0868-0997.pdf,https://www.fdle.state.fl.us/getContentAsset/7f5fb622-26e3-4b23-a8a9-2b3141c753e4/73aabf56-e6e5-4330-95a3-5f2a270a1d2b/STED-07-2023-0868-0997.pdf?language=en,2023,7,parsed,32aab8e7d60db2b6bfccdcb3a6fa54071414cb040901db39b7a2f3083a552cab,210,210,124,2026-10-05T16:16:42
STED-08-2023-0868-0997.pdf,https://www.fdle.state.fl.us/getContentAsset/82a29ffc-d816-4e2e-a577-2155e84972f1/73aabf56-e6e5-4330-95a3-5f2a270a1d2b/STED-08-2023-0868-0997.pdf?language=en,2023,8,parsed,7c8f96905289648e3059f136b8526530cb78e1519035b2a79ec1847e429268d6,202,202,132,2026-10-05T16:16:44
STED-09-2023-0868-0997.pdf,https://www.fdle.state.fl.us/getContentAsset/07d0693e-b3cc-47e6-950d-a3ea5dd9d0e9/73aabf56-e6e5-4330-95a3-5f2a270a1d2b/STED-09-2023-0868-0997.pdf?language=en,2023,9,parsed,7e33b95655b4945772036c20a7956d5ba61b53f39729bd7c24e47ade4c49f06c,219,219,148,2026-10-05T16:16:45
STED-10-2023-0868-0997.pdf,https://www.fdle.state.fl.us/getContentAsset/cebef935-3a25-44b0-8c35-58c6af8fbe51/73aabf56-e6e5-4330-95a3-5f2a270a1d2b/STED-10-2023-0868-0997.pdf?language=en,2023,10,parsed,1f29b7296b4972f590f0febb8a73dde92a1006605a847029fa4da87eabeb8cb3,207,207,145,2026-10-05T16:16:47
STED-11-2023-0868-0997.pdf,https://www.fdle.state.fl.us/getContentAsset/8d77e678-0e36-406c-8b44-76b949cb96bd/73aabf56-e6e5-4330-95a3-5f2a270a1d2b/STED-11-2023-0868-0997.pdf?language=en,2023,11,parsed,83dd59cff246d0b6b439e0d3070359617acc1f6fcc1797be01dcb1682464996f,184,184,124,2026-10-05T16:16:49
STED-12-2023-0868-0997.pdf,https://www.fdle.state.fl.us/getContentAsset/1b535bba-b22c-4fc1-8869-c9b222dec9d2/73aabf56-e6e5-4330-95a3-5f2a270a1d2b/STED-12-2023-0868-0997.pdf?language=en,2023,12,parsed,2a6a82b5f2a7bdb6cb1ecb88c6f2b74b0361b9746453382bf880f2e53156d109,251,251,163,2026-10-05T16:16:51
STED-07-2023-0998-1131.pdf,https://www.fdle.state.fl.us/getContentAsset/8f9ce946-2ef4-4265-af9e-92e44c9eb2c3/73aabf56-e6e5-4330-95a3-5f2a270a1d2b/STED-07-2023-0998-1131.pdf?language=en,2023,7,parsed,4bf1fac8bd41e34dde35ac9701a688814ffadabd5e545e3bdc8b62a012c7a103,431,431,304,2026-10-05T16:16:53
STED-08-2023-0998-1131.pdf,https://www.fdle.state.fl.us/getContentAsset/93ac4942-2aa4-41f6-8dcc-b98f86e52642/73aabf56-e6e5-4330-95a3-5f2a270a1d2b/STED-08-2023-0998-1131.pdf?language=en,2023,8,parsed,32aac1cf5377d151f5f85c352511965129f6b334095305a7b6964dc23f665b1b,351,351,241,2026-10-05T16:16:55
STED-09-2023-0998-1131.pdf,https://www.fdle.state.fl.us/getContentAsset/7ba0f4d7-96b5-4b04-9b18-911e585dc487/73aabf56-e6e5-4330-95a3-5f2a270a1d2b/STED-09-2023-0998-1131.pdf?language=en,2023,9,parsed,570db176f8c9aa25b6b4da00f22ac1da531524ce2295f5b43bfdc28882a12506,409,409,281,2026-10-05T16:16:57
STED-10-2023-0998-1131.pdf,https://www.fdle.state.fl.us/getContentAsset/bc521965-3c7c-41d0-8ead-5155275f32f7/73aabf56-e6e5-4330-95a3-5f2a270a1d2b/STED-10-2023-0998-1131.pdf?language=en,2023,10,parsed,e6b173172550dbcda5a823e5f5307f207b56f33e6eaf690ebada0041c0eba05f,407,407,287,2026-10-05T16:17:00
STED-11-2023-0998-1131.pdf,https://www.fdle.state.fl.us/getContentAsset/6b40a218-8d8c-47a6-8deb-55f73af8888c/73aabf56-e6e5-4330-95a3-5f2a270a1d2b/STED-11-2023-0998-1131.pdf?language=en,2023,11,parsed,b49553a6058314327871faa59aed908e29389cb548d798bc214b6d9bd33da965,424,424,313,2026-10-05T16:17:02
STED-12-2023-0998-1131.pdf,https://www.fdle.state.fl.us/getContentAsset/7327022e-9456-4c1e-82bc-d097e759d246/73aabf56-e6e5-4330-95a3-5f2a270a1d2b/STED-12-2023-0998-1131.pdf?language=en,2023,12,parsed,4740a38b4a804ba352380c6e19b9499c0bc7eab2b18107d9c9e10fdf688a5da3,370,370,263,2026-10-05T16:17:04
STED-07-2023-1132-1274.pdf,https://www.fdle.state.fl.us/getContentAsset/388faca8-c2d3-4183-8458-92522cb7ee7c/73aabf56-e6e5-4330-95a3-5f2a270a1d2b/STED-07-2023-1132-1274.pdf?language=en,2023,7,parsed,33c94096dc352a2ce55a12f054b5d24424ffca7f1c4d4f86eebf643418849de1,190,190,164,2026-10-05T16:17:06
STED-08-2023-1132-1274.pdf,https://www.fdle.state.fl.us/getContentAsset/41455210-50d7-48ed-a2c2-5716071e0be3/73aabf56-e6e5-4330-95a3-5f2a270a1d2b/STED-08-2023-1132-1274.pdf?language=en,2023,8,parsed,1fcb0017eb5afa8dd2fb1e5393404540c5678949af17a9cf47b865b414a3bf49,155,155,128,2026-10-05T16:17:07
STED-09-2023-1132-1274.pdf,https://www.fdle.state.fl.us/getContentAsset/867de545-88c3-4a9f-b949-1ad9c65fa29f/73aabf56-e6e5-4330-95a3-5f2a270a1d2b/STED-09-2023-1132-1274.pdf?language=en,2023,9,parsed,0011de7c53c64dc114d397b826e86191bc371cd95f45bebe6fcbf2e2feaa3a23,167,167,131,2026-10-05T16:17:09
STED-10-2023-1132-1274.pdf,https://www.fdle.state.fl.us/getContentAsset/e1096394-aad1-4e4d-a74d-f55cfb000e2a/73aabf56-e6e5-4330-95a3-5f2a270a1d2b/STED-10-2023-1132-1274.pdf?language=en,2023,10,parsed,175f9d4c398a6a686aa2b929158b944ae4f27e19a0bde952ecba280ba2c2701f,246,246,182,2026-10-05T16:17:11
STED-11-2023-1132-1274.pdf,https://www.fdle.state.fl.us/getContentAsset/f53e1f62-11d6-4ef9-9c29-fbf4b9efe3fc/73aabf56-e6e5-4330-95a3-5f2a270a1d2b/STED-11-2023-1132-1274.pdf?language=en,2023,11,parsed,3d2be794c5443d25e355450f260ad5427b60987a880d506476d8addfdd80ce3b,246,246,204,2026-10-05T16:17:12
STED-12-2023-1132-1274.pdf,https://www.fdle.state.fl.us/getContentAsset/f46f1399-8b97-4367-8efb-d443edcc8839/73aabf56-e6e5-4330-95a3-5f2a270a1d2b/STED-12-2023-1132-1274.pdf?language=en,2023,12,parsed,ffb4d8ebf1f3e685edad20ca56e50521a009b20cef02ccc4873601190e224cd1,220,220,171,2026-10-05T16:17:15
STED-07-2023-1275-1720.pdf,https://www.fdle.state.fl.us/getContentAsset/f052811e-7036-4fe9-b516-7b2a8902131e/73aabf56-e6e5-4330-95a3-5f2a270a1d2b/STED-07-2023-1275-1720.pdf?language=en,2023,7,parsed,467dc10e0d2ccd33a5ffd284a46c8c049055dd2463344bccac97c57bf9e05a9e,384,384,274,2026-10-05T16:17:17
STED-08-2023-1275-1720.pdf,https://www.fdle.state.fl.us/getContentAsset/ffa99e19-fee8-4376-98ba-af7385c61fc1/73aabf56-e6e5-4330-95a3-5f2a270a1d2b/STED-08-2023-1275-1720.pdf?language=en,2023,8,parsed,cdec688f68ad8a11cfec7be59d787a54ad69319692f069d8a175d789989cf7b7,333,333,241,2026-10-05T16:17:19
STED-09-2023-1275-1720.pdf,https://www.fdle.state.fl.us/getContentAsset/290f81a7-cfd1-4760-b4f2-71c9b6bd8add/73aabf56-e6e5-4330-95a3-5f2a270a1d2b/STED-09-2023-1275-1720.pdf?language=en,2023,9,parsed,094f477987b828cdd3f30f871084ec5dd57dcd41e8896c0db1f41ffc2c5044fb,330,330,235,2026-10-05T16:17:21
STED-10-2023-1275-1720.pdf,https://www.fdle.state.fl.us/getContentAsset/ff4976a0-b7a7-4731-8839-b99749e3612b/73aabf56-e6e5-4330-95a3-5f2a270a1d2b/STED-10-2023-1275-1720.pdf?language=en,2023,10,parsed,37c0ccd6abf7c90d7a41702b224629c44d365c33cd07ba6e8b045613149f5a36,277,277,180,2026-10-05T16:17:24
STED-11-2023-1275-1720.pdf,https://www.fdle.state.fl.us/getContentAsset/76ad45af-453d-4bdd-95da-b10c5f0b145d/73aabf56-e6e5-4330-95a3-5f2a270a1d2b/STED-11-2023-1275-1720.pdf?language=en,2023,11,parsed,28522f0c038fa719a53d87405ff399ae7bf1922dc416fb338e536fefd1b28a72,335,335,226,2026-10-05T16:17:25
STED-12-2023-1275-1720.pdf,https://www.fdle.state.fl.us/getContentAsset/c19a40da-f186-435d-93bb-15de15d9345d/73aabf56-e6e5-4330-95a3-5f2a270a1d2b/STED-12-2023-1275-1720.pdf?language=en,2023,12,parsed,8eb4790ed93716e68592e8839893cf566a40bf4949f2f1d9d4718fe645a873f9,204,204,139,2026-10-05T16:17:27
STED-07-2023-1721-6169.pdf,https://www.fdle.state.fl.us/getContentAsset/96bf7a51-4616-46e9-9881-62ca0b6153b3/73aabf56-e6e5-4330-95a3-5f2a270a1d2b/STED-07-2023-1721-6169.pdf?language=en,2023,7,parsed,35bb0560e61978530053f558706acabacbb9b2ab6240f1d3312374141a265a4b,380,380,266,2026-10-05T16:17:29
STED-08-2023-1721-6169.pdf,https://www.fdle.state.fl.us/getContentAsset/14d6f79e-8003-4b73-afea-f5b71b30a645/73aabf56-e6e5-4330-95a3-5f2a270a1d2b/STED-08-2023-1721-6169.pdf?language=en,2023,8,parsed,32922a71a3ea4f9dbd1509164a1bd75e2defa59918a1f39b032e4f39a5c89b74,326,326,227,2026-10-05T16:17:31
STED-09-2023-1721-6169.pdf,https://www.fdle.state.fl.us/getContentAsset/04cf5d37-e918-484b-9aa4-aa3870488142/73aabf56-e6e5-4330-95a3-5f2a270a1d2b/STED-09-2023-1721-6169.pdf?language=en,2023,9,parsed,5e34cde4dcf2b82e3f2088cdf2556ef07054bc33badf8a3b14e6b01ebb2af8d0,471,471,364,2026-10-05T16:17:34
STED-10-2023-1721-6169.pdf,https://www.fdle.state.fl.us/getContentAsset/689d7e97-c810-43e4-8317-de405ff06fba/73aabf56-e6e5-4330-95a3-5f2a270a1d2b/STED-10-2023-1721-6169.pdf?language=en,2023,10,parsed,a7dfd530dac00281ebc3b703080759d91c32d3a1e7ad3fa82620561ba0ddd1dc,407,407,326,2026-10-05T16:17:36
STED-11-2023-1721-6169.pdf,https://www.fdle.state.fl.us/getContentAsset/789a8b2b-7d48-4490-b1a2-87db728f871f/73aabf56-e6e5-4330-95a3-5f2a270a1d2b/STED-11-2023-1721-6169.pdf?language=en,2023,11,parsed,190789fa02142819bc8d2ddfc33fb81b9811bb3be31c734cae046f66bff1c6e3,343,343,277,2026-10-05T16:17:38
STED-12-2023-1721-6169.pdf,https://www.fdle.state.fl.us/getContentAsset/d59b856e-2b70-45f9-ab5b-b4ec5b21ec21/73aabf56-e6e5-4330-95a3-5f2a270a1d2b/STED-12-2023-1721-6169.pdf?language=en,2023,12,parsed,1b4128bbb62ce70317e44aaa60a04962faa8b5644a7f64e1e3c873168a3a2d18,295,295,226,2026-10-05T16:17:40
STED-07-2023-6170-6500.pdf,https://www.fdle.state.fl.us/getContentAsset/069ab60b-e5cf-4547-b3ff-6905981aefb2/73aabf56-e6e5-4330-95a3-5f2a270a1d2b/STED-07-2023-6170-6500.pdf?language=en,2023,7,parsed,4f44fb0aaba4ff1eca6a31c8f0035a7b61b0f1e82e6c56ebff5d944a2acd01fe,217,217,174,2026-10-05T16:17:42
STED-08-2023-6170-6500.pdf,https://www.fdle.state.fl.us/getContentAsset/31548868-de28-4ada-9d0e-79057382ae11/73aabf56-e6e5-4330-95a3-5f2a270a1d2b/STED-08-2023-6170-6500.pdf?language=en,2023,8,parsed,fe423e093244cfd81dfa12b1d9c1c691ac5eca3ea99f4378ba5fd90c6cdd9a53,148,148,106,2026-10-05T16:17:43
STED-09-2023-6170-6500.pdf,https://www.fdle.state.fl.us/getContentAsset/580995a1-2ec9-40e8-8814-c5f5e3738be7/73aabf56-e6e5-4330-95a3-5f2a270a1d2b/STED-09-2023-6170-6500.pdf?language=en,2023,9,parsed,b12a1e26c0fffa2bfffb0c1bb488fa13a101ec1b35628b6fe81e25303cd4d2ea,174,174,123,2026-10-05T16:17:45
STED-10-2023-6170-6500.pdf,https://www.fdle.state.fl.us/getContentAsset/c22509d7-0cf4-4cba-b350-290ae73b8d31/73aabf56-e6e5-4330-95a3-5f2a270a1d2b/STED-10-2023-6170-6500.pdf?language=en,2023,10,parsed,cf02d2605bba7f98890e61bfd49c856714a602eccffdca482e30def47b032b09,194,194,144,2026-10-05T16:17:46
STED-11-2023-6170-6500.pdf,https://www.fdle.state.fl.us/getContentAsset/c07b92d3-4a13-496a-89f5-0e8ebff53af2/73aabf56-e6e5-4330-95a3-5f2a270a1d2b/STED-11-2023-6170-6500.pdf?language=en,2023,11,parsed,a409280bb6c81b60cca3af57b16723a51963531f43f64c16a6d635ed69bbe7b1,276,276,213,2026-10-05T16:17:48
STED-12-2023-6170-6500.pdf,https://www.fdle.state.fl.us/getContentAsset/2ee77246-65ad-458b-b31a-5764b399bc44/73aabf56-e6e5-4330-95a3-5f2a270a1d2b/STED-12-2023-6170-6500.pdf?language=en,2023,12,parsed,8116551f2cff775363296655a19965638c4b3686be43413804627f5dcdc01b55,272,272,211,2026-10-05T16:17:50
STED-07-2023-6500-UP.pdf,https://www.fdle.state.fl.us/getContentAsset/e38be789-8d1a-4514-b4a7-cc3e6763c9cf/73aabf56-e6e5-4330-95a3-5f2a270a1d2b/STED-07-2023-6500-UP.pdf?language=en,2023,7,parsed,6f89f20ed7601d3c9e702a1dc3b69266ddc5dd0d11fa5f3dc45bcc9ab53d587e,503,503,350,2026-10-05T16:17:52
STED-08-2023-6500-UP.pdf,https://www.fdle.state.fl.us/getContentAsset/e8d5a520-4645-49c6-bd05-1ef145a8fc03/73aabf56-e6e5-4330-95a3-5f2a270a1d2b/STED-08-2023-6500-UP.pdf?language=en,2023,8,parsed,a9774fb6113ea6a00fa6302e29838e58e1089d8d2864838d6092719aba9665aa,572,572,428,2026-10-05T16:17:55
STED-09-2023-6500-UP.pdf,https://www.fdle.state.fl.us/getContentAsset/a545f488-adef-474a-9bc8-a2943e3f23e0/73aabf56-e6e5-4330-95a3-5f2a270a1d2b/STED-09-2023-6500-UP.pdf?language=en,2023,9,parsed,653ef109626f9c222758c886630c2782343a12b64a1a3d79b487443f912dadda,484,484,344,2026-10-05T16:17:57
STED-10-2023-6500-UP.pdf,https://www.fdle.state.fl.us/getContentAsset/d31f6f08-f514-4f2e-a065-0086ce694d47/73aabf56-e6e5-4330-95a3-5f2a270a1d2b/STED-10-2023-6500-UP.pdf?language=en,2023,10,parsed,13ad161d8461f1ce2c58696e9d99a713608080045503bdb5dd03d64ba51ace44,452,452,348,2026-10-05T16:18:00
STED-11-2023-6500-UP.pdf,https://www.fdle.state.fl.us/getContentAsset/cab2e861-668c-4866-96ca-9ac04c8aa3eb/73aabf56-e6e5-4330-95a3-5f2a270a1d2b/STED-11-2023-6500-UP.pdf?language=en,2023,11,parsed,b665ae0b30cace56af5f543649d32936e1d040e2ad68724323dec11284c7f58d,359,359,254,2026-10-05T16:18:02
STED-12-2023-6500-UP.pdf,https://www.fdle.state.fl.us/getContentAsset/4e403be3-98fe-4d4c-b816-4b2192e8e636/73aabf56-e6e5-4330-95a3-5f2a270a1d2b/STED-12-2023-6500-UP.pdf?language=en,2023,12,parsed,644e41aa32ae40c9471c1a4d373ef6597b3c646931ecd68df7a4c9a08437b7e4,359,359,267,2026-10-05T16:18:04
STED-01-2022-0200-867.pdf,https://www.fdle.state.fl.us/getContentAsset/f8b5c0b1-e1f6-484b-9eb6-9cec60d36680/73aabf56-e6e5-4330-95a3-5f2a270a1d2b/STED-01-2022-0200-867.pdf?language=en,2022,1,parsed,62cf8ba09cf75566496043c0f65294403161d391fa00a06b7112f2a8a23b456f,332,332,233,2026-10-05T16:18:05
STED-2-2022-0200-0867.pdf,https://www.fdle.state.fl.us/getContentAsset/51b96d3e-7e5d-405d-b59c-4f56407eaf85/73aabf56-e6e5-4330-95a3-5f2a270a1d2b/STED-2-2022-0200-0867.pdf?language=en,2022,2,parsed,3b7d6ae3bf02544235730a505ee0af495f277682c8d1413a47046c7510b29790,299,299,211,2026-10-05T16:18:07
STED-3-2022-0200-867.pdf,https://www.fdle.state.fl.us/getContentAsset/a654b389-5f8b-4800-96a9-020904c30f41/73aabf56-e6e5-4330-95a3-5f2a270a1d2b/STED-3-2022-0200-867.pdf?language=en,2022,3,parsed,e61fea4b2a0b6bcfacfa05b9c2da1f85a065a3bdcda038a1a1fb1ac5c5e16273,260,260,173,2026-10-05T16:18:09
STED-4-2022-0200-0867.pdf,https://www.fdle.state.fl.us/getContentAsset/7c12c37d-9415-41e8-8a2b-0d224cfc83c0/73aabf56-e6e5-4330-95a3-5f2a270a1d2b/STED-4-2022-0200-0867.pdf?language=en,2022,4,parsed,5573653e049ce3b19e7889d2c00b47c6d4620b5c79d1b0cb881d9e6ecdfe6761,252,252,164,2026-10-05T16:18:12
STED-5-2022-0200-0867.pdf,https://www.fdle.state.fl.us/getContentAsset/9de03b32-f8a8-41ca-9fa6-45898272a8ac/73aabf56-e6e5-4330-95a3-5f2a270a1d2b/STED-5-2022-0200-0867.pdf?language=en,2022,5,parsed,60c40310dc946eebe1a5bcbafedb45b7004090f678e76df31615f62025f59531,317,317,217,2026-10-05T16:18:14
STED-6-2022-0200-0867.pdf,https://www.fdle.state.fl.us/getContentAsset/cbb62a48-562b-4333-ad86-f9d53c23cc58/73aabf56-e6e5-4330-95a3-5f2a270a1d2b/STED-6-2022-0200-0867.pdf?language=en,2022,6,parsed,20a86367e0d210dd001f5217981937d05c264f4142571b69fbc54e61b2cf116b,197,197,128,2026-10-05T16:18:16
STED-01-2022-0868-997.pdf,https://www.fdle.state.fl.us/getContentAsset/546508ef-b386-43b4-b206-030460b2feb5/73aabf56-e6e5-4330-95a3-5f2a270a1d2b/STED-01-2022-0868-997.pdf?language=en,2022,1,parsed,d839330c0ba0b8fdd2f566f4da2263be282bcb53a98f87f3af406b92b83eab73,159,159,104,2026-10-05T16:18:17
STED-2-2022-0868-0997.pdf,https://www.fdle.state.fl.us/getContentAsset/8543dd3a-afc8-48e7-9275-7fbd61bbe7b5/73aabf56-e6e5-4330-95a3-5f2a270a1d2b/STED-2-2022-0868-0997.pdf?language=en,2022,2,parsed,f91672d9fd880c9bfafbf7195fc19ebfec23665245f16512dc7dc3a3dc63516f,169,169,126,2026-10-05T16:18:19
STED-3-2022-0868-997.pdf,https://www.fdle.state.fl.us/getContentAsset/c20a4caf-872f-4ee9-8f0a-58c48a0e8d4a/73aabf56-e6e5-4330-95a3-5f2a270a1d2b/STED-3-2022-0868-997.pdf?language=en,2022,3,parsed,e789c1a77ef51a1faa3aff71634d96b0467ca622d2ea1985ec16b58feae60ea1,153,153,118,2026-10-05T16:18:20
STED-4-2022-0868-0997.pdf,https://www.fdle.state.fl.us/getContentAsset/e56edb65-d293-4395-b1e7-f3c40e49e015/73aabf56-e6e5-4330-95a3-5f2a270a1d2b/STED-4-2022-0868-0997.pdf?language=en,2022,4,parsed,5a8d3af6a9250a86fda81a50bf23d744623398260e2759248135ee7ab72a7104,140,140,107,2026-10-05T16:18:22
STED-5-2022-0868-0997.pdf,https://www.fdle.state.fl.us/getContentAsset/679fbba8-e668-4d5f-846c-f32270bf1683/73aabf56-e6e5-4330-95a3-5f2a270a1d2b/STED-5-2022-0868-0997.pdf?language=en,2022,5,parsed,616570b46d53ff64ac7defc5bb088f128099898d9cc98c8810146c534cd43f00,295,295,189,2026-10-05T16:18:24
STED-6-2022-0868-0997.pdf,https://www.fdle.state.fl.us/getContentAsset/b90cc14f-8cd4-4d91-8f24-46134b936930/73aabf56-e6e5-4330-95a3-5f2a270a1d2b/STED-6-2022-0868-0997.pdf?language=en,2022,6,parsed,fb41a2635ea7771c10dbd3e066036d776cf016375365042bb12d999954098da9,196,196,130,2026-10-05T16:18:25
STED-01-2022-0998-1131.pdf,https://www.fdle.state.fl.us/getContentAsset/2c887ace-dc95-4433-a9a2-25ebacd17572/73aabf56-e6e5-4330-95a3-5f2a270a1d2b/STED-01-2022-0998-1131.pdf?language=en,2022,1,parsed,667f48b21016cc531bdb55c166973f7464d609f72ce48d003ad08fd4b27da9bd,414,414,259,2026-10-05T16:18:27
STED-2-2022-0998-1131.pdf,https://www.fdle.state.fl.us/getContentAsset/6df4837d-253c-40e3-9bfd-8a02303e0a81/73aabf56-e6e5-4330-95a3-5f2a270a1d2b/STED-2-2022-0998-1131.pdf?language=en,2022,2,parsed,6fe5d25181aa9dabd06f3a1ca87a02045de2a3a95802c32d8e9bbe378a18c5a9,418,418,273,2026-10-05T16:18:31
STED-3-2022-0998-1131.pdf,https://www.fdle.state.fl.us/getContentAsset/6e174ef9-c841-4115-84fb-d101da1bd51d/73aabf56-e6e5-4330-95a3-5f2a270a1d2b/STED-3-2022-0998-1131.pdf?language=en,2022,3,parsed,84ff4aa57d67d1ef2717239693c523a8086edbde57cf7c13fae21e52fcaec4d8,407,407,265,2026-10-05T16:18:33
STED-4-2022-0998-1131.pdf,https://www.fdle.state.fl.us/getContentAsset/551eb65e-1e1a-48e4-8a4e-ffc0943d2f5b/73aabf56-e6e5-4330-95a3-5f2a270a1d2b/STED-4-2022-0998-1131.pdf?language=en,2022,4,parsed,8f5a5062fec265778ba629ebd4168a8233a18ba14977206c3e9797f3c06c9368,375,375,266,2026-10-05T16:18:35
STED-5-2022-0998-1131.pdf,https://www.fdle.state.fl.us/getContentAsset/5f09daa3-e5b7-457f-af8c-151884f11eeb/73aabf56-e6e5-4330-95a3-5f2a270a1d2b/STED-5-2022-0998-1131.pdf?language=en,2022,5,parsed,ab3d1db44a45a430445951072eb9d06b1035a6dfce92c4fb6340435b049162ae,343,343,222,2026-10-05T16:18:37
STED-6-2022-0998-1131.pdf,https://www.fdle.state.fl.us/getContentAsset/e1dd410a-217f-40ef-ae84-0651590e61a6/73aabf56-e6e5-4330-95a3-5f2a270a1d2b/STED-6-2022-0998-1131.pdf?language=en,2022,6,parsed,38b47dd7a0a4957e3fc8e9971d1c4e6ae13fcaf2c5b1f86929fbd8fb5229aab7,327,327,235,2026-10-05T16:18:39
STED-01-2022-1132-1274.pdf,https://www.fdle.state.fl.us/getContentAsset/e0b1db29-846b-4b97-bb41-ab3bb689075f/73aabf56-e6e5-4330-95a3-5f2a270a1d2b/STED-01-2022-1132-1274.pdf?language=en,2022,1,parsed,1f693dbd1eb4ef8bbc637a013b76a10f97152870413e2dbf4e0ca89a84397d92,317,317,224,2026-10-05T16:18:41
STED-2-2022-1132-1274.pdf,https://www.fdle.state.fl.us/getContentAsset/9062a621-59b6-4ad3-bb1d-0fcebd30b93a/73aabf56-e6e5-4330-95a3-5f2a270a1d2b/STED-2-2022-1132-1274.pdf?language=en,2022,2,parsed,2e332a950a0dbb18d49219722aceb6911cd4660551ddb381b5fe21f26e85594e,251,251,169,2026-10-05T16:18:43
STED-3-2022-1132-1274.pdf,https://www.fdle.state.fl.us/getContentAsset/39feee6c-303d-4af4-ad47-cfc6e675e9ae/73aabf56-e6e5-4330-95a3-5f2a270a1d2b/STED-3-2022-1132-1274.pdf?language=en,2022,3,parsed,0c0218c1f09d42f161befebc7ca6f6f7c791fc07f7e84b547df8b0943b299b43,289,289,211,2026-10-05T16:18:45
STED-4-2022-1132-1274.pdf,https://www.fdle.state.fl.us/getContentAsset/2ddb1d8d-ad5a-4231-8298-fe59d2c0db27/73aabf56-e6e5-4330-95a3-5f2a270a1d2b/STED-4-2022-1132-1274.pdf?language=en,2022,4,parsed,ca6cfc20f233b9088bdb6d1124a848fa5e90291c7880eca231b6bb6ece763646,327,327,233,2026-10-05T16:18:47
STED-5-2022-1132-1274.pdf,https://www.fdle.state.fl.us/getContentAsset/46fb4202-8f7b-4bb3-92c0-d8411c2232a2/73aabf56-e6e5-4330-95a3-5f2a270a1d2b/STED-5-2022-1132-1274.pdf?language=en,2022,5,parsed,f59515ec948ed7b86e0d48b94a91b7123555e4717ac5153a6da3aba613f81709,191,191,142,2026-10-05T16:18:50
STED-6-2022-1132-1274.pdf,https://www.fdle.state.fl.us/getContentAsset/11b63fc4-5334-42b9-8acb-08cf8957d649/73aabf56-e6e5-4330-95a3-5f2a270a1d2b/STED-6-2022-1132-1274.pdf?language=en,2022,6,parsed,add5ff4ad775cf574405c23ea8ec25eda3d2f5ea86c262ef7e9fdc6b0ec385aa,260,260,195,2026-10-05T16:18:52
STED-01-2022-1275-1720.pdf,https://www.fdle.state.fl.us/getContentAsset/af851f67-0bb8-4f4b-8dbb-c44bc8d530b9/73aabf56-e6e5-4330-95a3-5f2a270a1d2b/STED-01-2022-1275-1720.pdf?language=en,2022,1,parsed,e17f6aa0a1e2d925fdfc70504240b4da91bdcefb67ab0340d1727f9415a2447c,341,341,231,2026-10-05T16:18:54
STED-2-2022-1275-1720.pdf,https://www.fdle.state.fl.us/getContentAsset/24f6a216-de38-4476-b410-aa07eec4c290/73aabf56-e6e5-4330-95a3-5f2a270a1d2b/STED-2-2022-1275-1720.pdf?language=en,2022,2,parsed,df354a0dc3066f4e07b897798b486167e29d9f94e4113561a204eaf1f5d28afb,382,382,267,2026-10-05T16:18:56
STED-3-2022-1275-1720.pdf,https://www.fdle.state.fl.us/getContentAsset/5cc1e458-c7ce-49bc-bde7-948b5b79ad9f/73aabf56-e6e5-4330-95a3-5f2a270a1d2b/STED-3-2022-1275-1720.pdf?language=en,2022,3,parsed,35760d37eec3703f5ba3ca577ab808d061e5f9f9d3f88bb1420c090ea828cbbf,364,364,222,2026-10-05T16:18:58
STED-4-2022-1275-1720.pdf,https://www.fdle.state.fl.us/getContentAsset/8ec18ad4-81f4-4b25-ae1d-068a19a2a1dd/73aabf56-e6e5-4330-95a3-5f2a270a1d2b/STED-4-2022-1275-1720.pdf?language=en,2022,4,parsed,43fb914ad866b2890633aad58fb968816c3ff463f1eb4c7eab212c420f8bd392,339,339,247,2026-10-05T16:19:00
STED-5-2022-1275-1720.pdf,https://www.fdle.state.fl.us/getContentAsset/3649655e-ac06-488f-bc0c-0b1946539b47/73aabf56-e6e5-4330-95a3-5f2a270a1d2b/STED-5-2022-1275-1720.pdf?language=en,2022,5,parsed,c0ff5c4991897d355ce0bd1cd4486609b3fd851a1c01a312b6730fa7caee9a86,435,435,309,2026-10-05T16:19:02
STED-6-2022-1275-1720.pdf,https://www.fdle.state.fl.us/getContentAsset/3bf0e615-61b9-4221-a7fc-ebddb92dce74/73aabf56-e6e5-4330-95a3-5f2a270a1d2b/STED-6-2022-1275-1720.pdf?language=en,2022,6,parsed,4ea8eabf18e0501cf81f7c003eaf7c421dfb08e317654376bb9b3f922b8818d0,457,457,322,2026-10-05T16:19:04
STED-01-2022-1721-6169.pdf,https://www.fdle.state.fl.us/getContentAsset/52a4fb1e-d212-4aa8-83c1-ee48a1ec0ea0/73aabf56-e6e5-4330-95a3-5f2a270a1d2b/STED-01-2022-1721-6169.pdf?language=en,2022,1,parsed,cb5275daa60ef0df99a54d3e9c7563fed437d64126311c02f84b6b4f06a50d9a,378,378,297,2026-10-05T16:19:06
STED-2-2022-1721-6169.pdf,https://www.fdle.state.fl.us/getContentAsset/0aca06f8-ca0e-4d28-9766-c236f94ec583/73aabf56-e6e5-4330-95a3-5f2a270a1d2b/STED-2-2022-1721-6169.pdf?language=en,2022,2,parsed,870cb2bb4047553a756e1ef8ca2332fa79150a35421ba2fd51de6015c7c0a312,310,310,236,2026-10-05T16:19:08
STED-3-2022-1721-6169.pdf,https://www.fdle.state.fl.us/getContentAsset/d046f20e-f2b7-4191-8328-ff7e54de0d24/73aabf56-e6e5-4330-95a3-5f2a270a1d2b/STED-3-2022-1721-6169.pdf?language=en,2022,3,parsed,37f536ff80d5bd91d40c9a65325cf1e635200c12629811ad650097c7e249b708,455,455,373,2026-10-05T16:19:11
STED-4-2022-1721-6169.pdf,https://www.fdle.state.fl.us/getContentAsset/0ade133c-b413-4f03-b65a-1736b71daf6a/73aabf56-e6e5-4330-95a3-5f2a270a1d2b/STED-4-2022-1721-6169.pdf?language=en,2022,4,parsed,92f7a1c8edf6506a415d054b15e97fc63fe38b61190c4821a8d972400325d9f9,385,385,315,2026-10-05T16:19:13
STED-5-2022-1721-6169.pdf,https://www.fdle.state.fl.us/getContentAsset/1396f1e6-3a72-4c06-8950-9770bb208ff9/73aabf56-e6e5-4330-95a3-5f2a270a1d2b/STED-5-2022-1721-6169.pdf?language=en,2022,5,parsed,37c44e0cb0e967f4bdd3e42a8b57cd7d061282acd294483cd4ee7c883622f5a4,283,283,210,2026-10-05T16:19:15
STED-6-2022-1721-6169.pdf,https://www.fdle.state.fl.us/getContentAsset/bd81e8eb-0233-468a-871d-cf13cdd26f6d/73aabf56-e6e5-4330-95a3-5f2a270a1d2b/STED-6-2022-1721-6169.pdf?language=en,2022,6,parsed,1bf878d01b572ece3bbffa17c8079c94423ee1ab7fe8d37be605a4c18d8f08de,284,284,209,2026-10-05T16:19:16
STED-01-2022-6170-6500.pdf,https://www.fdle.state.fl.us/getContentAsset/e77f5f68-5a2a-4ca7-9a7c-cd16876d5d1b/73aabf56-e6e5-4330-95a3-5f2a270a1d2b/STED-01-2022-6170-6500.pdf?language=en,2022,1,parsed,676378912174ef484fe74c0a6e991a8301ee2e8d9a27b343b758823bce384085,212,212,163,2026-10-05T16:19:18
STED-2-2022-6170-6500.pdf,https://www.fdle.state.fl.us/getContentAsset/73a08dfa-9bbb-492c-a2a2-71e60f9813a8/73aabf56-e6e5-4330-95a3-5f2a270a1d2b/STED-2-2022-6170-6500.pdf?language=en,2022,2,parsed,caece5e10bcfe2edb9f3afbd3067c0cc24f37414e3ccf743b5527877e9092f08,254,254,211,2026-10-05T16:19:20
STED-3-2022-6170-6500.pdf,https://www.fdle.state.fl.us/getContentAsset/7bfa355f-cc51-428f-8c43-9c303ce9a217/73aabf56-e6e5-4330-95a3-5f2a270a1d2b/STED-3-2022-6170-6500.pdf?language=en,2022,3,parsed,f7aaf569d2a1f0a7437967d4b924ced9cfb1fbe3a2362ab04363f284034d8e9a,152,152,118,2026-10-05T16:19:21
STED-4-2022-6170-6500.pdf,https://www.fdle.state.fl.us/getContentAsset/0173ea29-6133-45a7-b081-2c9482a6c1ea/73aabf56-e6e5-4330-95a3-5f2a270a1d2b/STED-4-2022-6170-6500.pdf?language=en,2022,4,parsed,1fbc3a23e7f9405c5f0d0dc888c68213bdf7ff8f45503372c7cc400004d5d6cc,147,147,114,2026-10-05T16:19:23
STED-5-2022-6170-6500.pdf,https://www.fdle.state.fl.us/getContentAsset/90477060-9054-4120-976a-11697b12134a/73aabf56-e6e5-4330-95a3-5f2a270a1d2b/STED-5-2022-6170-6500.pdf?language=en,2022,5,parsed,9ce21d200c985a31574bb4c8d7e5143b237f1d8829d7dfb0b3693b45c756d976,205,205,169,2026-10-05T16:19:24
STED-6-2022-6170-6500.pdf,https://www.fdle.state.fl.us/getContentAsset/c3b37d7f-0bc5-4de2-bd9c-cd070d0b8b30/73aabf56-e6e5-4330-95a3-5f2a270a1d2b/STED-6-2022-6170-6500.pdf?language=en,2022,6,parsed,cc084ff41eda908c0f61b20127478caf908eb62b00c81bc8660a684320907175,182,182,152,2026-10-05T16:19:26
STED-01-2022-6500-UP.pdf,https://www.fdle.state.fl.us/getContentAsset/a422114b-5f94-4dfd-8400-2558e1191232/73aabf56-e6e5-4330-95a3-5f2a270a1d2b/STED-01-2022-6500-UP.pdf?language=en,2022,1,parsed,3250c966defe5c775795e269f25c7b64f90e26f77dfcdf1b44c79c789770ea93,451,451,346,2026-10-05T16:19:28
STED-2-2022-6500-UP.pdf,https://www.fdle.state.fl.us/getContentAsset/f19457dc-cf66-46af-9fad-b088584cb192/73aabf56-e6e5-4330-95a3-5f2a270a1d2b/STED-2-2022-6500-UP.pdf?language=en,2022,2,parsed,dad29e9bc4d252fd7d554ae6bc0c11617beeb6a85928dd13052353879a6686ed,395,395,297,2026-10-05T16:19:30
STED-3-2022-6500-UP.pdf,https://www.fdle.state.fl.us/getContentAsset/2e030d25-1c08-4fe6-8000-84448711afca/73aabf56-e6e5-4330-95a3-5f2a270a1d2b/STED-3-2022-6500-UP.pdf?language=en,2022,3,parsed,966e253fc268e47696ea912210dde4ff85152c589193e204d726309d9ef8ca9f,459,459,345,2026-10-05T16:19:33
STED-4-2022-6500-UP.pdf,https://www.fdle.state.fl.us/getContentAsset/f534bd31-d5f1-4b84-ad33-317f7ddc64a4/73aabf56-e6e5-4330-95a3-5f2a270a1d2b/STED-4-2022-6500-UP.pdf?language=en,2022,4,parsed,1bdf708b79936f71b0e9d9fe0ef4bafdfe98d4744328352fc98888ce943696a5,451,451,323,2026-10-05T16:19:35
STED-5-2022-6500-UP.pdf,https://www.fdle.state.fl.us/getContentAsset/09c40dc2-30c9-4215-88e3-c5c563def141/73aabf56-e6e5-4330-95a3-5f2a270a1d2b/STED-5-2022-6500-UP.pdf?language=en,2022,5,parsed,8f436b65f65c583265d08dd4b7a49cce3ec91188fdd39c2603f5ad857efa14a3,514,514,377,2026-10-05T16:19:37
STED-6-2022-6500-UP.pdf,https://www.fdle.state.fl.us/getContentAsset/aceeddfa-966e-4c9d-abc0-0849cf5fe51d/73aabf56-e6e5-4330-95a3-5f2a270a1d2b/STED-6-2022-6500-UP.pdf?language=en,2022,6,parsed,a4e3266665946ca6e1e39fc12a4e25ac6b441f83502471fc2f8e436198821681,455,455,323,2026-10-05T16:19:39
STED-7-2022-0200-0867.pdf,https://www.fdle.state.fl.us/getContentAsset/944354a0-3f20-458b-b90f-0f8327932f02/73aabf56-e6e5-4330-95a3-5f2a270a1d2b/STED-7-2022-0200-0867.pdf?language=en,2022,7,parsed,552618f7d7fdbecf824a30ef31af22b9c8b82f3ea7052cfcc22430165293034b,201,201,147,2026-10-05T16:19:41
STED-8-2022-0200-0867.pdf,https://www.fdle.state.fl.us/getContentAsset/6efa32b6-de69-4c24-9abf-e1f480964dea/73aabf56-e6e5-4330-95a3-5f2a270a1d2b/STED-8-2022-0200-0867.pdf?language=en,2022,8,parsed,06924b8820287cc7807826ed9db2fe91a8b64d4b3067ccab1ca69e9e2c061eee,251,251,187,2026-10-05T16:19:43
STED-9-2022-0200-0867.pdf,https://www.fdle.state.fl.us/getContentAsset/1cad1150-5b20-48e3-8a88-5d94b97fe804/73aabf56-e6e5-4330-95a3-5f2a270a1d2b/STED-9-2022-0200-0867.pdf?language=en,2022,9,parsed,7d1e654ca50525d189e17637e74d61426746f276ac10a0abb974741cdb6fa6f4,340,340,244,2026-10-05T16:19:45
STED-10-2022-0200-0867.pdf,https://www.fdle.state.fl.us/getContentAsset/48a4b598-68a6-4bc2-8a6b-ff2b5bb866bc/73aabf56-e6e5-4330-95a3-5f2a270a1d2b/STED-10-2022-0200-0867.pdf?language=en,2022,10,parsed,e282e4850a49ec2b49669a20b0c9c6eb4e47e25078bfe9faee5a469b74d0cb55,310,310,222,2026-10-05T16:19:47
STED-11-2022-0200-0867.pdf,https://www.fdle.state.fl.us/getContentAsset/45cce4eb-6b11-4a98-b994-f6d5279808a2/73aabf56-e6e5-4330-95a3-5f2a270a1d2b/STED-11-2022-0200-0867.pdf?language=en,2022,11,parsed,3fda4e7949dcfa95087b6465f726b56566ae252bf5cb03a285fbfc14ae5a6f8e,305,305,198,2026-10-05T16:19:49
STED-12-2022-0200-0867.pdf,https://www.fdle.state.fl.us/getContentAsset/a349e1b7-46da-43a1-a3a1-7869f8a2a5ad/73aabf56-e6e5-4330-95a3-5f2a270a1d2b/STED-12-2022-0200-0867.pdf?language=en,2022,12,parsed,1d41ced90099a680f7f181e70cf18c9b9b5a9473c5e3eb0191d2acad12f03da1,293,293,195,2026-10-05T16:19:51
STED-7-2022-0868-0997.pdf,https://www.fdle.state.fl.us/getContentAsset/52203c5a-f9e4-45af-9748-5dc56bb1894f/73aabf56-e6e5-4330-95a3-5f2a270a1d2b/STED-7-2022-0868-0997.pdf?language=en,2022,7,parsed,021aefef74120acffcee75c2bf246aa200e8403298fb7e36f74cd98682ce1fc7,328,328,225,2026-10-05T16:19:52
STED-8-2022-0868-0997.pdf,https://www.fdle.state.fl.us/getContentAsset/93940db0-3a3a-4a0a-9961-66ccd6c67daa/73aabf56-e6e5-4330-95a3-5f2a270a1d2b/STED-8-2022-0868-0997.pdf?language=en,2022,8,parsed,15a0cf552c70807f59ab6df25a08920b2445da5dd33f78d65f9e291c507d9daa,254,254,163,2026-10-05T16:19:54
STED-9-2022-0868-0997.pdf,https://www.fdle.state.fl.us/getContentAsset/daa80ade-b1cc-497c-a05c-1fd0a599638d/73aabf56-e6e5-4330-95a3-5f2a270a1d2b/STED-9-2022-0868-0997.pdf?language=en,2022,9,parsed,d34890f08a434f49bd0233d6bf68a9145c696552288893d0df6fee64359a93b7,175,175,112,2026-10-05T16:19:56
STED-10-2022-0868-0997.pdf,https://www.fdle.state.fl.us/getContentAsset/fd60b1b7-7932-4048-893c-55af0630660f/73aabf56-e6e5-4330-95a3-5f2a270a1d2b/STED-10-2022-0868-0997.pdf?language=en,2022,10,parsed,5c51ea2c77ecd721635d95aaabd705da13da348e75a51430c45a8078bfac2efb,253,253,179,2026-10-05T16:19:58
STED-11-2022-0868-0997.pdf,https://www.fdle.state.fl.us/getContentAsset/54333f2d-f508-46d8-8a2e-a8e97d31647e/73aabf56-e6e5-4330-95a3-5f2a270a1d2b/STED-11-2022-0868-0997.pdf?language=en,2022,11,parsed,96f4b94b4ce8ce9aecd138b5c78b9adce473b3e2c5348728e4689d4c34974faf,190,190,123,2026-10-05T16:19:59
STED-12-2022-0868-0997.pdf,https://www.fdle.state.fl.us/getContentAsset/44371f4d-6ca4-4ba7-8600-018801109d7e/73aabf56-e6e5-4330-95a3-5f2a270a1d2b/STED-12-2022-0868-0997.pdf?language=en,2022,12,parsed,c0366fe9bb3aa534eef63e0295d0252d7701d1253a8c30e53261236fab7e9d69,245,245,164,2026-10-05T16:20:01
STED-7-2022-0998-1131.pdf,https://www.fdle.state.fl.us/getContentAsset/8d65fd0e-84f6-43c8-a34c-46f739016a5a/73aabf56-e6e5-4330-95a3-5f2a270a1d2b/STED-7-2022-0998-1131.pdf?language=en,2022,7,parsed,d02df0956334078caccee364598dc59815505878a35cd5b216455fc83adb8e42,251,251,173,2026-10-05T16:20:03
STED-8-2022-0998-1131.pdf,https://www.fdle.state.fl.us/getContentAsset/3a71e87d-e6ec-4aa9-84aa-f058fef297e7/73aabf56-e6e5-4330-95a3-5f2a270a1d2b/STED-8-2022-0998-1131.pdf?language=en,2022,8,parsed,886f5e3c29c8d0cd8bcc9514b6a9d3499f369e12033d603e2327296bc558473b,240,240,168,2026-10-05T16:20:04
STED-9-2022-0998-1131.pdf,https://www.fdle.state.fl.us/getContentAsset/fb56b7af-13e9-4aa2-a8ca-27d3d0385220/73aabf56-e6e5-4330-95a3-5f2a270a1d2b/STED-9-2022-0998-1131.pdf?language=en,2022,9,parsed,ec4d39ee5f8825b38010e342a24f105a7ef0c0c19ebae574f8b43d676455f697,287,287,182,2026-10-05T16:20:06
STED-10-2022-0998-1131.pdf,https://www.fdle.state.fl.us/getContentAsset/757e5827-60a3-4d6d-a569-d9394f4e3bb9/73aabf56-e6e5-4330-95a3-5f2a270a1d2b/STED-10-2022-0998-1131.pdf?language=en,2022,10,parsed,bbf9697bbe7dcec518d9583cae8703043df412e3826af16b227a35943066e6cb,327,327,226,2026-10-05T16:20:08
STED-11-2022-0998-1131.pdf,https://www.fdle.state.fl.us/getContentAsset/295e294d-ced4-4d98-96f5-b0a7f9d7f92f/73aabf56-e6e5-4330-95a3-5f2a270a1d2b/STED-11-2022-0998-1131.pdf?language=en,2022,11,parsed,ddc6582166e568bd76c93bab5ead26c4d4d76ba94cdb8628985e0599017b9734,329,329,223,2026-10-05T16:20:10
STED-12-2022-0998-1131.pdf,https://www.fdle.state.fl.us/getContentAsset/87196f95-e395-4509-b4e3-81494d6064c7/73aabf56-e6e5-4330-95a3-5f2a270a1d2b/STED-12-2022-0998-1131.pdf?language=en,2022,12,parsed,e30d6cf62b28701758c4cc29984a9b12419078254c4811c185ab2b93cdfa2b60,338,338,239,2026-10-05T16:20:12
STED-7-2022-1132-1274.pdf,https://www.fdle.state.fl.us/getContentAsset/f79a2529-3393-4460-abd7-b5870a647ed9/73aabf56-e6e5-4330-95a3-5f2a270a1d2b/STED-7-2022-1132-1274.pdf?language=en,2022,7,parsed,cd63316c873d3cf8c4ea59e2a02bd33c4e25e9ccda007872b3b8441d98e8904d,344,344,264,2026-10-05T16:20:15
STED-8-2022-1132-1274.pdf,https://www.fdle.state.fl.us/getContentAsset/07a8d233-2d82-4345-a47e-62f52b716a11/73aabf56-e6e5-4330-95a3-5f2a270a1d2b/STED-8-2022-1132-1274.pdf?language=en,2022,8,parsed,c5b977737e5d51a77b3c018ef6bee655004077de72ed16d44d88003a8f591851,217,217,166,2026-10-05T16:20:16
STED-9-2022-1132-1274.pdf,https://www.fdle.state.fl.us/getContentAsset/c995c419-be6a-4236-b897-73d8f59fa20a/73aabf56-e6e5-4330-95a3-5f2a270a1d2b/STED-9-2022-1132-1274.pdf?language=en,2022,9,parsed,91e19ace1ea162f085b1a8e1eb0c74d9467f8d5f294a6bce0ba377055d026e8d,288,288,230,2026-10-05T16:20:18
STED-10-2022-1132-1274.pdf,https://www.fdle.state.fl.us/getContentAsset/8420e9d8-70bf-46a1-882f-4194ad99ada3/73aabf56-e6e5-4330-95a3-5f2a270a1d2b/STED-10-2022-1132-1274.pdf?language=en,2022,10,parsed,0eeabf0d56eedb701be0f1c9082bea45f5c576724ab43d92a7fd504b30c2f9cb,267,267,210,2026-10-05T16:20:20
STED-11-2022-1132-1274.pdf,https://www.fdle.state.fl.us/getContentAsset/bbbfa61c-e8cb-4d82-93fa-4a77d8799058/73aabf56-e6e5-4330-95a3-5f2a270a1d2b/STED-11-2022-1132-1274.pdf?language=en,2022,11,parsed,4c331ce16dd54fe6aafb5b9848ca6ce950893b1da0a165b09bddb495b95cdb38,284,284,219,2026-10-05T16:20:22
STED-12-2022-1132-1274.pdf,https://www.fdle.state.fl.us/getContentAsset/fe3129a5-3164-432b-9c82-0c257fa2b6bc/73aabf56-e6e5-4330-95a3-5f2a270a1d2b/STED-12-2022-1132-1274.pdf?language=en,2022,12,parsed,db66afd6d89dafce94697b1a72b239f0207006f3ea6d087b3bb639697781dea0,288,288,239,2026-10-05T16:20:24
STED-7-2022-1275-1720.pdf,https://www.fdle.state.fl.us/getContentAsset/a42f0c14-7d9c-48ad-9e9d-c1ac1df5c05c/73aabf56-e6e5-4330-95a3-5f2a270a1d2b/STED-7-2022-1275-1720.pdf?language=en,2022,7,parsed,b40c0d24aa851cbc63028631ddc06284016bdd86caa66a5367ef62caa9dea5b5,621,621,430,2026-10-05T16:20:26
STED-8-2022-1275-1720.pdf,https://www.fdle.state.fl.us/getContentAsset/27f2dae2-942f-4aab-8513-6986554b8d2b/73aabf56-e6e5-4330-95a3-5f2a270a1d2b/STED-8-2022-1275-1720.pdf?language=en,2022,8,parsed,4e5d05333772769ed1ea9f74c31df37709cdf9a3a62cae8b23cac8300f71038d,521,521,369,2026-10-05T16:20:29
STED-9-2022-1275-1720.pdf,https://www.fdle.state.fl.us/getContentAsset/29dd8d7f-d7b3-47b5-8125-956ecdcc5b2c/73aabf56-e6e5-4330-95a3-5f2a270a1d2b/STED-9-2022-1275-1720.pdf?language=en,2022,9,parsed,ce095c3d8026953bced4706a91db2e1ef29a41357e14afb2e201ae316687b0db,472,472,316,2026-10-05T16:20:31
STED-10-2022-1275-1720.pdf,https://www.fdle.state.fl.us/getContentAsset/181ef2fe-f0a1-4856-bd07-4e2674a12dc5/73aabf56-e6e5-4330-95a3-5f2a270a1d2b/STED-10-2022-1275-1720.pdf?language=en,2022,10,parsed,c8dbd2f654bbfcff93bb8894c41bd08613d76d8c89825a4bd29972511f45a957,335,335,220,2026-10-05T16:20:33
STED-11-2022-1275-1720.pdf,https://www.fdle.state.fl.us/getContentAsset/fb0b0d4c-fc94-4afc-925f-cd74aa3d7738/73aabf56-e6e5-4330-95a3-5f2a270a1d2b/STED-11-2022-1275-1720.pdf?language=en,2022,11,parsed,f04a32baf65c249a9e893234d73a176d02b085ae27eb6f5b678928110d64cf23,270,270,178,2026-10-05T16:20:35
STED-12-2022-1275-1720.pdf,https://www.fdle.state.fl.us/getContentAsset/c1552196-a79e-4973-ae28-5090ac963acc/73aabf56-e6e5-4330-95a3-5f2a270a1d2b/STED-12-2022-1275-1720.pdf?language=en,2022,12,parsed,93e29519de335f1f2a8d8a7f9317357fb585ae4c599b322fae3740ff674caf9d,422,422,269,2026-10-05T16:20:37
STED-7-2022-1721-6169.pdf,https://www.fdle.state.fl.us/getContentAsset/e0364d89-1ba5-479d-ac71-df996d21a5b6/73aabf56-e6e5-4330-95a3-5f2a270a1d2b/STED-7-2022-1721-6169.pdf?language=en,2022,7,parsed,3149109de7bb6985f040ae2ff55328a5cefa3d943ae11f5abf4c9b12a89059ab,339,339,254,2026-10-05T16:20:39
STED-8-2022-1721-6169.pdf,https://www.fdle.state.fl.us/getContentAsset/06fca159-f165-4fff-847b-a6f9e0ca6626/73aabf56-e6e5-4330-95a3-5f2a270a1d2b/STED-8-2022-1721-6169.pdf?language=en,2022,8,parsed,46c6d51f5b3ebd31e5100f310955b4b347055502de2693c4ebf8a07427115b2f,326,326,252,2026-10-05T16:20:41
STED-10-2022-1721-6169.pdf,https://www.fdle.state.fl.us/getContentAsset/fb4ac976-416d-48bb-8f7c-3c0716b66c34/73aabf56-e6e5-4330-95a3-5f2a270a1d2b/STED-10-2022-1721-6169.pdf?language=en,2022,10,parsed,996b1dbb6f95108fd26107c6a24b1093e833debac880a007d538c49fdd69fb3a,397,397,303,2026-10-05T16:20:43
STED-11-2022-1721-6169.pdf,https://www.fdle.state.fl.us/getContentAsset/2530797b-6d94-4003-b060-f37456b731f9/73aabf56-e6e5-4330-95a3-5f2a270a1d2b/STED-11-2022-1721-6169.pdf?language=en,2022,11,parsed,2c4e56fe1115fb918a1d6cf2e536d041ee2bc393f9366925ea6447f87deb7aff,309,309,232,2026-10-05T16:20:45
STED-12-2022-1721-6169.pdf,https://www.fdle.state.fl.us/getContentAsset/2a46834e-0db2-4770-9d60-1206355dcf25/73aabf56-e6e5-4330-95a3-5f2a270a1d2b/STED-12-2022-1721-6169.pdf?language=en,2022,12,parsed,ea7f16811ce9370930cd32b71eb3541c73ffa4f6df507a434cb999e14fae8732,281,281,204,2026-10-05T16:20:47
STED-7-2022-6170-6500.pdf,https://www.fdle.state.fl.us/getContentAsset/544f02f0-9a3e-4347-86f1-839182ea7685/73aabf56-e6e5-4330-95a3-5f2a270a1d2b/STED-7-2022-6170-6500.pdf?language=en,2022,7,parsed,da9116f93e4f8a883799891351ffae2074b0565c162b6006e54f9e42ca0792ca,243,243,202,2026-10-05T16:20:49
STED-8-2022-6170-6500.pdf,https://www.fdle.state.fl.us/getContentAsset/a5ea9e44-b19d-4672-908e-95087d8fccfc/73aabf56-e6e5-4330-95a3-5f2a270a1d2b/STED-8-2022-6170-6500.pdf?language=en,2022,8,parsed,f98f0a87a1c7bc7f5758315532edf66e63b472d9faa0d17bc1afdc1bcc531068,179,179,133,2026-10-05T16:20:50
STED-9-2022-6170-6500.pdf,https://www.fdle.state.fl.us/getContentAsset/1dbecd12-a2e1-4c51-bbae-252e80b7b30f/73aabf56-e6e5-4330-95a3-5f2a270a1d2b/STED-9-2022-6170-6500.pdf?language=en,2022,9,parsed,de5dddb605587cb42a0264bc4682d9c96ad6b29db7768d4f81bcde7ea0c647c0,126,126,98,2026-10-05T16:20:52
STED-10-2022-6170-6500.pdf,https://www.fdle.state.fl.us/getContentAsset/1df88fba-b254-41b2-bc32-d9e3bdc7a1f7/73aabf56-e6e5-4330-95a3-5f2a270a1d2b/STED-10-2022-6170-6500.pdf?language=en,2022,10,parsed,4da2371ee7288adaf9ba2f81a660683c9787d4f8aef6dd3e43431568bd5fd088,157,157,121,2026-10-05T16:20:53
STED-11-2022-6170-6500.pdf,https://www.fdle.state.fl.us/getContentAsset/93f51e26-8c49-4fb6-9b82-0025c899a774/73aabf56-e6e5-4330-95a3-5f2a270a1d2b/STED-11-2022-6170-6500.pdf?language=en,2022,11,parsed,2f23f13f26649557391a239783c0f02bb8b8cc4b260f6ebfe962c4658addceaf,167,167,137,2026-10-05T16:20:55
STED-12-2022-6170-6500.pdf,https://www.fdle.state.fl.us/getContentAsset/afb0fcf8-323a-4bc9-98ac-7656a2c178b7/73aabf56-e6e5-4330-95a3-5f2a270a1d2b/STED-12-2022-6170-6500.pdf?language=en,2022,12,parsed,5582ce51fee7711af7a438335e09aacbe86fb0c618f946306986b54c5ce64aa7,187,187,147,2026-10-05T16:21:22
STED-7-2022-6500-UP.pdf,https://www.fdle.state.fl.us/getContentAsset/7a672bc3-9583-4da0-bf71-981daee4b364/73aabf56-e6e5-4330-95a3-5f2a270a1d2b/STED-7-2022-6500-UP.pdf?language=en,2022,7,parsed,5fe309896d6d27edbc6f1fb5416fb92180e2c2eadadf9d8f69d73a3da3e4fcb3,489,489,343,2026-10-05T16:21:25
STED-8-2022-6500-UP.pdf,https://www.fdle.state.fl.us/getContentAsset/60cd3bc3-62b6-48d0-9a66-c7eb92df609f/73aabf56-e6e5-4330-95a3-5f2a270a1d2b/STED-8-2022-6500-UP.pdf?language=en,2022,8,parsed,37b1b5939a0d0171e69c63d736aa27100519e339f5bed5567c155ffaf4d16df8,453,453,313,2026-10-05T16:21:27
STED-9-2022-6500-UP.pdf,https://www.fdle.state.fl.us/getContentAsset/4ea2edc1-0bc7-49f3-9ed6-5006602532bd/73aabf56-e6e5-4330-95a3-5f2a270a1d2b/STED-9-2022-6500-UP.pdf?language=en,2022,9,parsed,f0132ba4e989e458264a85aff441179a7939992bb34bb0633e7fe443dbb62145,480,480,341,2026-10-05T16:21:29
STED-10-2022-6500-UP.pdf,https://www.fdle.state.fl.us/getContentAsset/36689a2b-1697-4bba-9525-531d28a6c2a6/73aabf56-e6e5-4330-95a3-5f2a270a1d2b/STED-10-2022-6500-UP.pdf?language=en,2022,10,parsed,521f16372cab3567490175ddde623460b82ff360ff605db449219224094935c5,416,416,272,2026-10-05T16:21:31
STED-11-2022-6500-UP.pdf,https://www.fdle.state.fl.us/getContentAsset/ec2b9bf6-dcde-4a31-a41d-e4ec053dd7d3/73aabf56-e6e5-4330-95a3-5f2a270a1d2b/STED-11-2022-6500-UP.pdf?language=en,2022,11,parsed,482368c847ad89923bff61fb230d4f6d986d8357de92f2e92881087dd53c1635,401,401,276,2026-10-05T16:21:33
STED-12-2022-6500-UP.pdf,https://www.fdle.state.fl.us/getContentAsset/ba2c68bd-63fd-4c10-b498-1b0c5b723978/73aabf56-e6e5-4330-95a3-5f2a270a1d2b/STED-12-2022-6500-UP.pdf?language=en,2022,12,parsed,1bb7f70be761b6c0f60019830d17e55cc3455182b1261e6cbcbb4317e86cdd8b,494,494,368,2026-10-05T16:21:36
STED-01-2021-0200-867.pdf,https://www.fdle.state.fl.us/getContentAsset/ef737ff9-562f-47b7-90c0-c12a88b42f08/73aabf56-e6e5-4330-95a3-5f2a270a1d2b/STED-01-2021-0200-867.pdf?language=en,2021,1,parsed,6c3cacbfe63112131c17070578530d2c62edc23a1fee350143fc4dfb99b46716,343,343,231,2026-10-05T16:21:38
STED-2-2021-0200-867.pdf,https://www.fdle.state.fl.us/getContentAsset/6d14841f-354b-4315-965e-7627fd1c4367/73aabf56-e6e5-4330-95a3-5f2a270a1d2b/STED-2-2021-0200-867.pdf?language=en,2021,2,parsed,ab7492db84c7266af7cf9e4dedc64a71e8e7a1d6ab4152376f913dec32472fb4,298,298,216,2026-10-05T16:21:39
STED-3-2021-0200-867.pdf,https://www.fdle.state.fl.us/getContentAsset/d40c2534-b7a3-42b5-ac2f-e7111347b4d2/73aabf56-e6e5-4330-95a3-5f2a270a1d2b/STED-3-2021-0200-867.pdf?language=en,2021,3,parsed,0c54ca5e172a7abe309a63e01047f7036c4470fff17215da88ed00426f7f85fe,303,303,199,2026-10-05T16:21:41
STED-4-2021-0200-867.pdf,https://www.fdle.state.fl.us/getContentAsset/25147cbd-39f6-45bc-970d-a477b510da8f/73aabf56-e6e5-4330-95a3-5f2a270a1d2b/STED-4-2021-0200-867.pdf?language=en,2021,4,parsed,f9b1dc9ae533746b8260e2f284aced354d8137332ea8ca64ed617d58ad6b29b4,297,297,223,2026-10-05T16:21:43
STED-5-2021-200-867.pdf,https://www.fdle.state.fl.us/getContentAsset/bd852d38-9830-45b8-9f6f-e8ef8e80c223/73aabf56-e6e5-4330-95a3-5f2a270a1d2b/STED-5-2021-200-867.pdf?language=en,2021,5,parsed,2bbf057d4c7a9660585f1e8079be514c82fe0cc6378a09beffe63b5d98ce3339,374,374,265,2026-10-05T16:21:45
STED-6-2021-0200-0867.pdf,https://www.fdle.state.fl.us/getContentAsset/16a3446e-2e4f-46b7-999a-0fb0de34ea86/73aabf56-e6e5-4330-95a3-5f2a270a1d2b/STED-6-2021-0200-0867.pdf?language=en,2021,6,parsed,844f4ba8bbda4b6c1c72c941c8691a47002da0de531987a57927b3c9ebdb901e,311,311,225,2026-10-05T16:21:47
STED-01-2021-0868-997.pdf,https://www.fdle.state.fl.us/getContentAsset/303ff526-743a-42d3-a3cd-16308e75642b/73aabf56-e6e5-4330-95a3-5f2a270a1d2b/STED-01-2021-0868-997.pdf?language=en,2021,1,parsed,b4d2baa48c6ff86e37c10140943c81f4bc0641c6c0fdf35e2e242b10ca942ba3,154,154,106,2026-10-05T16:21:49
STED-2-2021-0868-997.pdf,https://www.fdle.state.fl.us/getContentAsset/f6cdc6e9-fa90-4956-acbb-dfdab07fdd8c/73aabf56-e6e5-4330-95a3-5f2a270a1d2b/STED-2-2021-0868-997.pdf?language=en,2021,2,parsed,9acc868e305e8b07f0aa4b976aa8becbc0d6ae7b69265fb79a06784589219b49,148,148,117,2026-10-05T16:21:50
STED-3-2021-0868-997.pdf,https://www.fdle.state.fl.us/getContentAsset/cc6130f0-fb2d-49c1-90d9-7fd42789fb08/73aabf56-e6e5-4330-95a3-5f2a270a1d2b/STED-3-2021-0868-997.pdf?language=en,2021,3,parsed,ec4ac1aa8e0c790bf7f44d687ef4466d1a898e9e4fb2c26c659e8ca4155fe1fa,144,144,116,2026-10-05T16:21:52
STED-4-2021-0868-997.pdf,https://www.fdle.state.fl.us/getContentAsset/6b2b48d5-91ae-48b0-904d-046f42c2675a/73aabf56-e6e5-4330-95a3-5f2a270a1d2b/STED-4-2021-0868-997.pdf?language=en,2021,4,parsed,6253aa8ae7b14f1bac272ebb8f1e82d4e7193235c9b5ce4e4baedc91bc1dd023,133,133,93,2026-10-05T16:21:53
STED-5-2021-868-997.pdf,https://www.fdle.state.fl.us/getContentAsset/e2daf5a7-5b8f-475e-a973-282efaebebac/73aabf56-e6e5-4330-95a3-5f2a270a1d2b/STED-5-2021-868-997.pdf?language=en,2021,5,parsed,60b5270e8eccf11bc70195370dca4debceca49fc62c9192f0e3def245f3e2e81,180,180,121,2026-10-05T16:21:55
STED-6-2021-0868-0997.pdf,https://www.fdle.state.fl.us/getContentAsset/e9c7f5a8-2507-4920-84ad-33b754acf0e1/73aabf56-e6e5-4330-95a3-5f2a270a1d2b/STED-6-2021-0868-0997.pdf?language=en,2021,6,parsed,16f3eeb97d7e6bd5f8cd82340972059dd5132596acf7ad2dc46acfa3070c9c5b,127,127,91,2026-10-05T16:21:56
STED-01-2021-0998-1131.pdf,https://www.fdle.state.fl.us/getContentAsset/e13a938c-7484-4584-86f5-7c2eb32fba4e/73aabf56-e6e5-4330-95a3-5f2a270a1d2b/STED-01-2021-0998-1131.pdf?language=en,2021,1,parsed,2fdd8a3a1d8f261f758cf7d03978ca8eda38be30ab98d89002cb659c71944afe,582,582,376,2026-10-05T16:21:59
STED-2-2021-0998-1131.pdf,https://www.fdle.state.fl.us/getContentAsset/ff051a86-16c7-41a7-895f-90b3a3977977/73aabf56-e6e5-4330-95a3-5f2a270a1d2b/STED-2-2021-0998-1131.pdf?language=en,2021,2,parsed,6d73337278eb8248857170935f5a879e701f45d1dd18f526151bde7d9f648190,394,394,264,2026-10-05T16:22:01
STED-3-2021-0998-1131.pdf,https://www.fdle.state.fl.us/getContentAsset/3f454d99-79a4-4627-8e9d-cb518e727e76/73aabf56-e6e5-4330-95a3-5f2a270a1d2b/STED-3-2021-0998-1131.pdf?language=en,2021,3,parsed,e1e54d84862bdb6d48d161e6fafdf306a9264dbc12b1ea62f9aa1051c7524a45,341,341,225,2026-10-05T16:22:03
STED-4-2021-0998-1131.pdf,https://www.fdle.state.fl.us/getContentAsset/4c89f7a3-8bdf-4214-99e3-9508f93cbb67/73aabf56-e6e5-4330-95a3-5f2a270a1d2b/STED-4-2021-0998-1131.pdf?language=en,2021,4,parsed,d14e6751a7b6668ac296a7b48e088843b7b023b055b33549ac8fcd5eee9d794f,336,336,232,2026-10-05T16:22:05
STED-5-2021-998-1131.pdf,https://www.fdle.state.fl.us/getContentAsset/1e115896-e0f2-4324-913d-af663c982930/73aabf56-e6e5-4330-95a3-5f2a270a1d2b/STED-5-2021-998-1131.pdf?language=en,2021,5,parsed,2606605282c5c62163fc45ae428eb5985969dd7f783106a33c31d59bd7090a0b,340,340,245,2026-10-05T16:22:07
STED-6-2021-0998-1131.pdf,https://www.fdle.state.fl.us/getContentAsset/35a8b3e8-1432-4ee7-9fcb-6b9495f77f74/73aabf56-e6e5-4330-95a3-5f2a270a1d2b/STED-6-2021-0998-1131.pdf?language=en,2021,6,parsed,5e148eda8c9a391e215875f6901b3a18affbf94980747c9cbf71bfac5ebe2afa,289,289,204,2026-10-05T16:22:08
STED-01-2021-1132-1274.pdf,https://www.fdle.state.fl.us/getContentAsset/2f4a7339-cca1-4a99-a449-bbd46b9fb747/73aabf56-e6e5-4330-95a3-5f2a270a1d2b/STED-01-2021-1132-1274.pdf?language=en,2021,1,parsed,ba71ee5187cccc477d2171f795cbdbc6aa7eb329c387d52d757710e44c4cd2e5,364,364,279,2026-10-05T16:22:10
STED-2-2021-1132-1274.pdf,https://www.fdle.state.fl.us/getContentAsset/0cce3b88-ff61-4863-9238-58a6fa99103b/73aabf56-e6e5-4330-95a3-5f2a270a1d2b/STED-2-2021-1132-1274.pdf?language=en,2021,2,parsed,41bc84a77cbb0dd7d974aa27bcdf08210bdfe903bd87b22f9a7e2f79eabd80b9,398,398,319,2026-10-05T16:22:13
STED-3-2021-1132-1274.pdf,https://www.fdle.state.fl.us/getContentAsset/ad792973-730f-4315-b12c-0d90ac9a7e9e/73aabf56-e6e5-4330-95a3-5f2a270a1d2b/STED-3-2021-1132-1274.pdf?language=en,2021,3,parsed,be0b17c200d7d10d0bc14e062624924acad67fe476f02ebfedb7b047c65c6e42,466,466,365,2026-10-05T16:22:15
STED-4-2021-1132-1274.pdf,https://www.fdle.state.fl.us/getContentAsset/feb230e5-5107-4434-8d6d-d7d9850e468e/73aabf56-e6e5-4330-95a3-5f2a270a1d2b/STED-4-2021-1132-1274.pdf?language=en,2021,4,parsed,d90eae4d6b5a2d13c8298e50caa32567bd6021fb083face81269e5440c0832c0,369,369,280,2026-10-05T16:22:17
STED-5-2021-1132-1274.pdf,https://www.fdle.state.fl.us/getContentAsset/2529b28c-e789-4c5b-b3d9-4ee72dd3681e/73aabf56-e6e5-4330-95a3-5f2a270a1d2b/STED-5-2021-1132-1274.pdf?language=en,2021,5,parsed,f56b105ba78f13098df2a919f582c5ca1fa186e2eb3ef71a6fa73fecc552c4d6,373,373,286,2026-10-05T16:22:21
STED-6-2021-1132-1274.pdf,https://www.fdle.state.fl.us/getContentAsset/5a66867a-47af-4b5c-9e22-acfac6ecfa1e/73aabf56-e6e5-4330-95a3-5f2a270a1d2b/STED-6-2021-1132-1274.pdf?language=en,2021,6,parsed,9e198bccedf955437753e70e4b8e8a0a2e4240f11364bb8193601ea547fb27c6,371,371,288,2026-10-05T16:22:23
STED-2-2021-1275-1720.pdf,https://www.fdle.state.fl.us/getContentAsset/36fbe3b8-b456-4543-8001-4ab032972395/73aabf56-e6e5-4330-95a3-5f2a270a1d2b/STED-2-2021-1275-1720.pdf?language=en,2021,2,parsed,983170b5ecee6ceb477f51173f73a92bb72f3c49143441a45c66789de161f135,303,303,169,2026-10-05T16:22:26
STED-3-2021-1275-1720.pdf,https://www.fdle.state.fl.us/getContentAsset/e4e4f865-4053-481f-926d-f889ae591d46/73aabf56-e6e5-4330-95a3-5f2a270a1d2b/STED-3-2021-1275-1720.pdf?language=en,2021,3,parsed,2eaeeb143e119497bfaa7468a782a66dfae84d29e6d422ac5c73f0b0cc15460c,350,350,215,2026-10-05T16:22:28
STED-4-2021-1275-1720.pdf,https://www.fdle.state.fl.us/getContentAsset/f1b066e4-3927-4563-84e9-d57a087ff8c3/73aabf56-e6e5-4330-95a3-5f2a270a1d2b/STED-4-2021-1275-1720.pdf?language=en,2021,4,parsed,2d05a2a75bd7919e12644344db56ddda41537e1eb09562ae280bd76606e440e3,316,316,220,2026-10-05T16:22:30
STED-5-2021-1275-1720.pdf,https://www.fdle.state.fl.us/getContentAsset/eb52f420-c84a-4a1a-bb2e-936beb912fae/73aabf56-e6e5-4330-95a3-5f2a270a1d2b/STED-5-2021-1275-1720.pdf?language=en,2021,5,parsed,b0561c67c87ec3b60ea52392067ed848a6ab60e3d800a8a82c22b3a42c01761e,404,404,275,2026-10-05T16:22:32
STED-6-2021-1275-1720.pdf,https://www.fdle.state.fl.us/getContentAsset/95923d76-8d05-4d95-bd65-08d9c7ad273f/73aabf56-e6e5-4330-95a3-5f2a270a1d2b/STED-6-2021-1275-1720.pdf?language=en,2021,6,parsed,e09638b61bf7d10d7e9ed79c9ab89bb8024b387a96e3c2bd7f86037436e40dc3,282,282,193,2026-10-05T16:22:35
STED-01-2021-1721-6169.pdf,https://www.fdle.state.fl.us/getContentAsset/b744b8b4-6146-4297-a2ec-aaaaa7e33379/73aabf56-e6e5-4330-95a3-5f2a270a1d2b/STED-01-2021-1721-6169.pdf?language=en,2021,1,parsed,8eb4379ac625b1b74ce07317ae0105ffe95f4dd2faf6f94ff57ee8ee34dd4939,244,244,164,2026-10-05T16:22:36
STED-2-2021-1721-6169.pdf,https://www.fdle.state.fl.us/getContentAsset/b7352ac1-d495-4100-8417-df8bedbc0104/73aabf56-e6e5-4330-95a3-5f2a270a1d2b/STED-2-2021-1721-6169.pdf?language=en,2021,2,parsed,0c7ea02281a2ac5d1cf200518c43da683e51f26338a8ccc8863a97392f8d89fd,246,246,189,2026-10-05T16:22:38
STED-3-2021-1721-6169.pdf,https://www.fdle.state.fl.us/getContentAsset/ac7cff36-3fbd-4df0-ad44-195f23a5a6b6/73aabf56-e6e5-4330-95a3-5f2a270a1d2b/STED-3-2021-1721-6169.pdf?language=en,2021,3,parsed,238132387828147bc7c355762b1fe51301cc6ec9fbbeff6d1fed0d82e5cce083,369,369,304,2026-10-05T16:22:41
STED-4-2021-1721-6169.pdf,https://www.fdle.state.fl.us/getContentAsset/d11afdf7-0937-41fc-9598-bf6a898cd61f/73aabf56-e6e5-4330-95a3-5f2a270a1d2b/STED-4-2021-1721-6169.pdf?language=en,2021,4,parsed,c38c9582101916e398717fb78a5cf3f0da87f5c1c319c015eff312447b4f81a7,320,320,267,2026-10-05T16:22:42
STED-5-2021-1721-6169.pdf,https://www.fdle.state.fl.us/getContentAsset/3790a48a-3a24-4d75-a894-41612502967b/73aabf56-e6e5-4330-95a3-5f2a270a1d2b/STED-5-2021-1721-6169.pdf?language=en,2021,5,parsed,370667ffc09dd2f8683cba0b9b8b38b35ad7c160bbc8c354ee3f78adb58d5ad8,435,435,345,2026-10-05T16:22:45
STED-6-2021-1721-6169.pdf,https://www.fdle.state.fl.us/getContentAsset/46c74e47-6f39-40f3-a0c5-b85578614e0d/73aabf56-e6e5-4330-95a3-5f2a270a1d2b/STED-6-2021-1721-6169.pdf?language=en,2021,6,parsed,f99fbabf0b705a5c7b83b0b3b9e64b3d3d625ad892e705f86e7c7561842c955b,308,308,242,2026-10-05T16:22:47
STED-2-2021-6170-6500.pdf,https://www.fdle.state.fl.us/getContentAsset/a71ff285-0138-4bc4-a549-73de1313b96d/73aabf56-e6e5-4330-95a3-5f2a270a1d2b/STED-2-2021-6170-6500.pdf?language=en,2021,2,parsed,c321afcef750a38cde150496e00748f392c6aa4d6671485cb48f7d00a7d699ec,225,225,167,2026-10-05T16:22:48
STED-3-2021-6170-6500.pdf,https://www.fdle.state.fl.us/getContentAsset/3c6bc64a-186c-4e49-9429-600f22037058/73aabf56-e6e5-4330-95a3-5f2a270a1d2b/STED-3-2021-6170-6500.pdf?language=en,2021,3,parsed,ba3c764133d335acd33dc20cef941d622232b984e80c0cd2a8985b9bbc0dd5ff,286,286,216,2026-10-05T16:22:51
STED-4-2021-6170-6500.pdf,https://www.fdle.state.fl.us/getContentAsset/eeaf1309-d13b-413f-b3e1-a6858df40fe4/73aabf56-e6e5-4330-95a3-5f2a270a1d2b/STED-4-2021-6170-6500.pdf?language=en,2021,4,parsed,341b29aa2ecba597a38beac2f59b4e5d24b66eada0f94fe9c99560dcfcdf25fc,236,236,174,2026-10-05T16:22:53
STED-5-2021-6170-6500.pdf,https://www.fdle.state.fl.us/getContentAsset/4ec8ff20-1c8e-42fa-814e-f1b7fbbc14a7/73aabf56-e6e5-4330-95a3-5f2a270a1d2b/STED-5-2021-6170-6500.pdf?language=en,2021,5,parsed,5865edd92256a8cf260c0068c2cf0059a1b93abbc73b098353b983630554862e,190,190,137,2026-10-05T16:22:55
STED-6-2021-6170-6500.pdf,https://www.fdle.state.fl.us/getContentAsset/63436580-cc92-4e98-bb4a-c8ff64af7a82/73aabf56-e6e5-4330-95a3-5f2a270a1d2b/STED-6-2021-6170-6500.pdf?language=en,2021,6,parsed,dca5b8eb05f40bbca809d1ec91c7ddd25757186c65e5e477a840fcc524c95c2a,244,244,175,2026-10-05T16:22:56
STED-01-2021-6500-UP.pdf,https://www.fdle.state.fl.us/getContentAsset/8aba7ddf-f9fb-4241-9b4d-5dd76fe63d0f/73aabf56-e6e5-4330-95a3-5f2a270a1d2b/STED-01-2021-6500-UP.pdf?language=en,2021,1,parsed,1987fe4b73424736e94369343a92e0768c716192851161dbeb4858f846ba2dc8,317,317,255,2026-10-05T16:22:58
STED-2-2021-6500-UP.pdf,https://www.fdle.state.fl.us/getContentAsset/f6d127fa-2367-48e7-b30e-e9a33043023f/73aabf56-e6e5-4330-95a3-5f2a270a1d2b/STED-2-2021-6500-UP.pdf?language=en,2021,2,parsed,d968e08a9713550ad1653026900e2defa1c8bce25e326f16d0309d9be7b878d4,347,347,258,2026-10-05T16:23:00
STED-3-2021-6500-UP.pdf,https://www.fdle.state.fl.us/getContentAsset/8b9f5309-35fd-4ab5-9454-e11893beda63/73aabf56-e6e5-4330-95a3-5f2a270a1d2b/STED-3-2021-6500-UP.pdf?language=en,2021,3,parsed,4cbd69979df83e111e8cab306c2625406620b2834eaf99a69ea6a6f2f7dc7ac0,372,372,278,2026-10-05T16:23:02
STED-4-2021-6500-UP.pdf,https://www.fdle.state.fl.us/getContentAsset/2fef84b3-39ef-482e-bc3c-107f6be57405/73aabf56-e6e5-4330-95a3-5f2a270a1d2b/STED-4-2021-6500-UP.pdf?language=en,2021,4,parsed,cfb10ed59d570fc31d1bf13da006d7f9aaa8a6a8966a344d2a9f857b528b335a,392,392,307,2026-10-05T16:23:04
STED-5-2021-6500-UP.pdf,https://www.fdle.state.fl.us/getContentAsset/f8628fe9-2d89-4c5b-8b40-54b49bd4e3a4/73aabf56-e6e5-4330-95a3-5f2a270a1d2b/STED-5-2021-6500-UP.pdf?language=en,2021,5,parsed,39fe33184c0f1a980b404758bae49a42c6eecba73163130e034cc3c71a892314,361,361,269,2026-10-05T16:23:06
STED-6-2021-6500-UP.pdf,https://www.fdle.state.fl.us/getContentAsset/6195bea8-9b4b-41bc-aabb-17b0711b77e6/73aabf56-e6e5-4330-95a3-5f2a270a1d2b/STED-6-2021-6500-UP.pdf?language=en,2021,6,parsed,b7c0448029a5ebc932741b5bb3e318ecb24760b82d8cb00572399a2c7e900272,402,402,320,2026-10-05T16:23:09
STED-7-2021-0200-867.pdf,https://www.fdle.state.fl.us/getContentAsset/da0d91b0-4888-4275-9bbd-9a264449d8e0/73aabf56-e6e5-4330-95a3-5f2a270a1d2b/STED-7-2021-0200-867.pdf?language=en,2021,7,parsed,9533f64a0be0bd9e88f67416c84881482d8389d5e6b3dab4f1394a9991e9d673,345,345,240,2026-10-05T16:23:10
STED-8-2021-0200-867.pdf,https://www.fdle.state.fl.us/getContentAsset/b8190a62-19bb-4b69-8ae2-c5d68c24ca9c/73aabf56-e6e5-4330-95a3-5f2a270a1d2b/STED-8-2021-0200-867.pdf?language=en,2021,8,parsed,6f5dd28a341cf8e565ef75b610c016e7a85737544980aa2a7f7a35b54a874729,294,294,209,2026-10-05T16:23:12
STED-9-2021-200-867.pdf,https://www.fdle.state.fl.us/getContentAsset/69752f9f-44eb-4753-b0e8-b0a151812fe2/73aabf56-e6e5-4330-95a3-5f2a270a1d2b/STED-9-2021-200-867.pdf?language=en,2021,9,parsed,4d9901beaf0f8d4ff19e90d99cd077eaebfed822112112696f3f831333e82588,258,258,182,2026-10-05T16:23:15
STED-10-2021-200-867.pdf,https://www.fdle.state.fl.us/getContentAsset/9f72d12b-4de9-4463-8fbd-de9b02f2f921/73aabf56-e6e5-4330-95a3-5f2a270a1d2b/STED-10-2021-200-867.pdf?language=en,2021,10,parsed,a1b154bf30679e32ab6a5efd257d177dd08cf18ab8b91eaa67e9195adca524af,236,236,177,2026-10-05T16:23:17
STED-11-2021-200-867.pdf,https://www.fdle.state.fl.us/getContentAsset/d0a199b7-be44-4b8d-b0b6-697b06e29e37/73aabf56-e6e5-4330-95a3-5f2a270a1d2b/STED-11-2021-200-867.pdf?language=en,2021,11,parsed,631089c15e1dee4b66c22e9bdfa83f8c459a1e1919639b9dcf6d1b844bd2c765,278,278,199,2026-10-05T16:23:19
STED-12-2021-200-867.pdf,https://www.fdle.state.fl.us/getContentAsset/8b75468e-d603-4563-9063-8bc80da455a6/73aabf56-e6e5-4330-95a3-5f2a270a1d2b/STED-12-2021-200-867.pdf?language=en,2021,12,parsed,e1dcb4e8ea48668be59134e475b874d0e3f512cf17fc2a963066768992782a7d,281,281,212,2026-10-05T16:23:21
STED-7-2021-0868-997.pdf,https://www.fdle.state.fl.us/getContentAsset/d217272a-aa19-44c8-8afe-9c5b7ca4b046/73aabf56-e6e5-4330-95a3-5f2a270a1d2b/STED-7-2021-0868-997.pdf?language=en,2021,7,parsed,4a879024e5d83b9546b868af3b69797923bf473e1fb5d9fff2609a847ec84997,180,180,128,2026-10-05T16:23:22
STED-8-2021-0868-997.pdf,https://www.fdle.state.fl.us/getContentAsset/7fd22cbd-4cf0-4d21-832b-b8d45b649dee/73aabf56-e6e5-4330-95a3-5f2a270a1d2b/STED-8-2021-0868-997.pdf?language=en,2021,8,parsed,2dd1034dbbbbbaa414c96365304b38bb38862e38fdb865738d73c1b10be786a0,166,166,122,2026-10-05T16:23:24
STED-9-2021-868-997.pdf,https://www.fdle.state.fl.us/getContentAsset/001e4c1b-e48c-417b-8fb5-a4d8266b8ea3/73aabf56-e6e5-4330-95a3-5f2a270a1d2b/STED-9-2021-868-997.pdf?language=en,2021,9,parsed,887850f255cf7390b9bdaf8868d2b938935e621d3bae29a8e842e9318d492df4,183,183,127,2026-10-05T16:23:25
STED-10-2021-868-997.pdf,https://www.fdle.state.fl.us/getContentAsset/1bb81fa7-4ea3-4e0d-aa2b-42de9e17119a/73aabf56-e6e5-4330-95a3-5f2a270a1d2b/STED-10-2021-868-997.pdf?language=en,2021,10,parsed,e32a328e8b6fd94aafad073a8a8adbda808d51b9d0cbf8addda038f9b93e50e0,160,160,127,2026-10-05T16:23:27
STED-11-2021-868-997.pdf,https://www.fdle.state.fl.us/getContentAsset/0110c0df-e4f4-4596-8a9d-667962d4b7e2/73aabf56-e6e5-4330-95a3-5f2a270a1d2b/STED-11-2021-868-997.pdf?language=en,2021,11,parsed,6adbdc47c63307f5b0f64eec290420a21e0c04089b65065b889954b965cf0608,131,131,99,2026-10-05T16:23:28
STED-12-2021-868-997.pdf,https://www.fdle.state.fl.us/getContentAsset/f9e42ea9-5244-47b4-8d54-a17ca7848f1f/73aabf56-e6e5-4330-95a3-5f2a270a1d2b/STED-12-2021-868-997.pdf?language=en,2021,12,parsed,25a653a20b01e90946738c6103e89ef135d2dc87a83e498acef754205db9c227,150,150,102,2026-10-05T16:23:29
STED-7-2021-0998-1131.pdf,https://www.fdle.state.fl.us/getContentAsset/7b67a434-62cb-47f3-ae3d-b8331a405027/73aabf56-e6e5-4330-95a3-5f2a270a1d2b/STED-7-2021-0998-1131.pdf?language=en,2021,7,parsed,b7d211b13825652746279de6edf04065a792c2a5c305ebf4157c408140b9e5c5,342,342,229,2026-10-05T16:23:31
STED-8-2021-0998-1131.pdf,https://www.fdle.state.fl.us/getContentAsset/68c1145a-03e0-4eb6-972d-b893a369e2bf/73aabf56-e6e5-4330-95a3-5f2a270a1d2b/STED-8-2021-0998-1131.pdf?language=en,2021,8,parsed,517ac4b090d703539b7081479ee2645fc9f42ee5077c738c2209f0dc585b5d38,307,307,217,2026-10-05T16:23:33
STED-9-2021-998-1131.pdf,https://www.fdle.state.fl.us/getContentAsset/49376436-6cbd-406d-834f-1a3771163aa2/73aabf56-e6e5-4330-95a3-5f2a270a1d2b/STED-9-2021-998-1131.pdf?language=en,2021,9,parsed,ea99794e240d91602c1885ed749eec5fccaef6c914169d73547c4c4b193b18a5,367,367,256,2026-10-05T16:23:35
STED-10-2021-998-1131.pdf,https://www.fdle.state.fl.us/getContentAsset/deab9283-88aa-42ab-90cb-e9717d1e043e/73aabf56-e6e5-4330-95a3-5f2a270a1d2b/STED-10-2021-998-1131.pdf?language=en,2021,10,parsed,04d205cea9df41b23cd8d9e56f7ca15ba058948bf3c4418b3c2e2268ad52a806,379,379,277,2026-10-05T16:23:38
STED-11-2021-998-1131.pdf,https://www.fdle.state.fl.us/getContentAsset/d3145464-a1a1-471e-a143-08533d27a77a/73aabf56-e6e5-4330-95a3-5f2a270a1d2b/STED-11-2021-998-1131.pdf?language=en,2021,11,parsed,35af811808d8d9d58e7c4e93a201928180ec0964e5f344fe8ef49ee728026985,413,413,276,2026-10-05T16:23:40
STED-12-2021-998-1131.pdf,https://www.fdle.state.fl.us/getContentAsset/d5540e58-1dea-4341-a657-051447e948ef/73aabf56-e6e5-4330-95a3-5f2a270a1d2b/STED-12-2021-998-1131.pdf?language=en,2021,12,parsed,ec95e560ae84af865be39577b12f4dcf96dc51fe0213e4df9c6dce90b75fcb4b,490,490,323,2026-10-05T16:23:42
STED-7-2021-1132-1274.pdf,https://www.fdle.state.fl.us/getContentAsset/6df3a26e-c96e-42ba-922d-de117ffebf76/73aabf56-e6e5-4330-95a3-5f2a270a1d2b/STED-7-2021-1132-1274.pdf?language=en,2021,7,parsed,448cdf67b16451a48801cfb66d0099135ceb83c3e7e5c5c305d8cddf0efcaa2a,335,335,251,2026-10-05T16:23:44
STED-8-2021-1132-1274.pdf,https://www.fdle.state.fl.us/getContentAsset/b261c0f2-6fa7-4e9c-87e2-f87af6cadd5b/73aabf56-e6e5-4330-95a3-5f2a270a1d2b/STED-8-2021-1132-1274.pdf?language=en,2021,8,parsed,3186afd669480dd5c8799a2b45ade901ba16f9668491a1af8689d0ebfe289bf1,303,303,225,2026-10-05T16:23:46
STED-9-2021-1132-1274.pdf,https://www.fdle.state.fl.us/getContentAsset/d6788b8b-3dd0-4fd7-86df-d8514216c781/73aabf56-e6e5-4330-95a3-5f2a270a1d2b/STED-9-2021-1132-1274.pdf?language=en,2021,9,parsed,983c983697c264222661e59867ce10a4a906b7a39735daac09b76341d74aa8e6,369,369,282,2026-10-05T16:23:49
STED-10-2021-1132-1274.pdf,https://www.fdle.state.fl.us/getContentAsset/c4eb3415-90fc-4974-bcfe-e7f5d71ffb73/73aabf56-e6e5-4330-95a3-5f2a270a1d2b/STED-10-2021-1132-1274.pdf?language=en,2021,10,parsed,b258ca49db8100a36a43e1b499873d18d71f1e2d69c35bdd2dd14b1cb7788028,365,365,268,2026-10-05T16:23:51
STED-11-2021-1132-1274.pdf,https://www.fdle.state.fl.us/getContentAsset/461fcb77-7c27-400b-8591-c2b86b23fbdd/73aabf56-e6e5-4330-95a3-5f2a270a1d2b/STED-11-2021-1132-1274.pdf?language=en,2021,11,parsed,bae45d2cac9c0dc152a6348c99da233058b4e6c4540e13dd9e7b2c1f2d6ad347,311,311,229,2026-10-05T16:23:53
STED-12-2021-1132-1274.pdf,https://www.fdle.state.fl.us/getContentAsset/25bb0909-cc3f-4274-98ba-da21453173a9/73aabf56-e6e5-4330-95a3-5f2a270a1d2b/STED-12-2021-1132-1274.pdf?language=en,2021,12,parsed,ce75573ea390a205fb6cd0afd03e2d9cb26706c347774029515ef3bded25fe36,348,348,267,2026-10-05T16:23:55
STED-7-2021-1275-1720.pdf,https://www.fdle.state.fl.us/getContentAsset/50cc7286-3ad4-4dab-9ed0-ef877c83e2e6/73aabf56-e6e5-4330-95a3-5f2a270a1d2b/STED-7-2021-1275-1720.pdf?language=en,2021,7,parsed,241df69dd58675998dfb7d314a31dd112275e945a5bbd654caf8e1b68c9112bf,428,428,282,2026-10-05T16:23:57
STED-8-2021-1275-1720.pdf,https://www.fdle.state.fl.us/getContentAsset/8b86e7ab-5831-496f-b859-4f5612e8bb3f/73aabf56-e6e5-4330-95a3-5f2a270a1d2b/STED-8-2021-1275-1720.pdf?language=en,2021,8,parsed,d3c6ead07d0ec31315ffa7e100a883b0adc4fc282b469d4d9b70697bc0c78649,400,400,272,2026-10-05T16:23:59
STED-9-2021-1275-1720.pdf,https://www.fdle.state.fl.us/getContentAsset/79b83fb3-41d5-4eb2-aec6-55e372c6e9b0/73aabf56-e6e5-4330-95a3-5f2a270a1d2b/STED-9-2021-1275-1720.pdf?language=en,2021,9,parsed,abc5e9f5d3a02de3132ba3411d0ffd1f22eadcb204fbfb7bc910d4df6c206b8f,331,331,224,2026-10-05T16:24:01
STED-10-2021-1275-1720.pdf,https://www.fdle.state.fl.us/getContentAsset/c3087daa-1432-463d-b100-0b02661c6301/73aabf56-e6e5-4330-95a3-5f2a270a1d2b/STED-10-2021-1275-1720.pdf?language=en,2021,10,parsed,467f76bc6d506219c481c078a4dae9dd0b9ef576761a262e85f955f1894bc836,328,328,223,2026-10-05T16:24:03
STED-11-2021-1275-1720.pdf,https://www.fdle.state.fl.us/getContentAsset/82a493e3-8741-4a17-bbf8-b0bf482adf83/73aabf56-e6e5-4330-95a3-5f2a270a1d2b/STED-11-2021-1275-1720.pdf?language=en,2021,11,parsed,5e8708fd177b7ab3751ccdad5c2d5799817e1d4630c7792ba0c7ea72dcdaa703,317,317,204,2026-10-05T16:24:05
STED-12-2021-1275-1720.pdf,https://www.fdle.state.fl.us/getContentAsset/995eace5-5ead-4777-9f9e-d559ddb91469/73aabf56-e6e5-4330-95a3-5f2a270a1d2b/STED-12-2021-1275-1720.pdf?language=en,2021,12,parsed,4586578937c5044b2474abf2d50f88cc3f1d09de186a3f58f817b30331f29be8,321,321,215,2026-10-05T16:24:07
STED-7-2021-1721-6169.pdf,https://www.fdle.state.fl.us/getContentAsset/17afc886-df95-4943-93b1-8987df95b024/73aabf56-e6e5-4330-95a3-5f2a270a1d2b/STED-7-2021-1721-6169.pdf?language=en,2021,7,parsed,3652128cf0afc84ae5727a28c0226279fb5213fa9a39df178dc8a3053c9e7f71,331,331,253,2026-10-05T16:24:09
STED-8-2021-1721-6169.pdf,https://www.fdle.state.fl.us/getContentAsset/dfed0dd1-9be5-4fb5-a0f9-6b336c92f4f2/73aabf56-e6e5-4330-95a3-5f2a270a1d2b/STED-8-2021-1721-6169.pdf?language=en,2021,8,parsed,6120ee839da65d5ce6c58291c1977118ec96ddc842842cf5ed8dd4c5e2d7dca0,199,199,144,2026-10-05T16:24:11
STED-9-2021-1721-6169.pdf,https://www.fdle.state.fl.us/getContentAsset/d28efcd6-3248-4b47-bc85-060c98f54682/73aabf56-e6e5-4330-95a3-5f2a270a1d2b/STED-9-2021-1721-6169.pdf?language=en,2021,9,parsed,4cd9d78dda96e8c9646f8bd2c284b125148dbbc64802cdd8d5b8d82bc13135fa,314,314,241,2026-10-05T16:24:13
STED-10-2021-1721-6169.pdf,https://www.fdle.state.fl.us/getContentAsset/35ca0f14-219a-42cc-97e6-d8a4894eaec1/73aabf56-e6e5-4330-95a3-5f2a270a1d2b/STED-10-2021-1721-6169.pdf?language=en,2021,10,parsed,7976594ceb059ee3a2e20c1095b072c74367ab12ed0c15800bd2bf0f3578795f,329,329,272,2026-10-05T16:24:15
STED-11-2021-1721-6169.pdf,https://www.fdle.state.fl.us/getContentAsset/e2eba5e3-a297-4387-868d-3aa3a43aaeca/73aabf56-e6e5-4330-95a3-5f2a270a1d2b/STED-11-2021-1721-6169.pdf?language=en,2021,11,parsed,4ae12363f15775e1793043bcea848f77d658540a89881ab9d36fceb86025b5e8,368,368,293,2026-10-05T16:24:17
STED-12-2021-1721-6169.pdf,https://www.fdle.state.fl.us/getContentAsset/a1b13302-9871-4559-a4aa-f021afd15bae/73aabf56-e6e5-4330-95a3-5f2a270a1d2b/STED-12-2021-1721-6169.pdf?language=en,2021,12,parsed,e488bad8cb9a5b82a02fad74d3ad444a39469604b148b6faa38797105fa41a1d,309,309,245,2026-10-05T16:24:19
STED-7-2021-6170-6500.pdf,https://www.fdle.state.fl.us/getContentAsset/919980a4-7036-4bab-a517-00b1f1024bf4/73aabf56-e6e5-4330-95a3-5f2a270a1d2b/STED-7-2021-6170-6500.pdf?language=en,2021,7,parsed,040354f1184833748b5a6ca8267ee08e4df8e6c8452157c24a84f14ec4f19f6e,267,267,190,2026-10-05T16:24:21
STED-8-2021-6170-6500.pdf,https://www.fdle.state.fl.us/getContentAsset/d78af1ae-6bdd-45f2-8c6c-465ee97eea6f/73aabf56-e6e5-4330-95a3-5f2a270a1d2b/STED-8-2021-6170-6500.pdf?language=en,2021,8,parsed,84717120417956e3a125c2d1ad624da3d46f304839909f112aff2090995ba28a,327,327,250,2026-10-05T16:24:22
STED-9-2021-6170-6500.pdf,https://www.fdle.state.fl.us/getContentAsset/4d8bca19-2c6a-4b58-92a3-8c2d06cf8d79/73aabf56-e6e5-4330-95a3-5f2a270a1d2b/STED-9-2021-6170-6500.pdf?language=en,2021,9,parsed,9cabb12b6ce0a675ca2880ff5cfbc6bdd6cb34eedd1d5dc55f9bd731bee2398f,349,349,260,2026-10-05T16:24:25
STED-10-2021-6170-6500.pdf,https://www.fdle.state.fl.us/getContentAsset/66f8bf6c-0c9a-4f03-8779-dc8f3d881c33/73aabf56-e6e5-4330-95a3-5f2a270a1d2b/STED-10-2021-6170-6500.pdf?language=en,2021,10,parsed,aa70f9544a32e866525a731ce7ca9eb16377a1337d051bdf83d4c833eafc248c,221,221,159,2026-10-05T16:24:26
STED-11-2021-6170-6500.pdf,https://www.fdle.state.fl.us/getContentAsset/498ff5a1-e74d-4cae-b11e-a66b49a240a4/73aabf56-e6e5-4330-95a3-5f2a270a1d2b/STED-11-2021-6170-6500.pdf?language=en,2021,11,parsed,0c43e2eae98d18e73ae634b0044c2424b79821bfdd568726093babf2a08c6dca,202,202,155,2026-10-05T16:24:28
STED-12-2021-6170-6500.pdf,https://www.fdle.state.fl.us/getContentAsset/ee4f8ee9-e45a-4dab-80e0-47799754a24c/73aabf56-e6e5-4330-95a3-5f2a270a1d2b/STED-12-2021-6170-6500.pdf?language=en,2021,12,parsed,a2e0785cbda805caa80f9f0e7f32aa9d623a09bceecbb149d9ab2736504c5436,203,203,164,2026-10-05T16:24:30
STED-7-2021-6500-UP.pdf,https://www.fdle.state.fl.us/getContentAsset/74b00dff-c8ac-44d2-9df8-3d63e4ab7b97/73aabf56-e6e5-4330-95a3-5f2a270a1d2b/STED-7-2021-6500-UP.pdf?language=en,2021,7,parsed,dcde02532ef8dd832064e1f9f8e518e812b671335db8d6f46f85b80ed44ca65b,368,368,278,2026-10-05T16:24:32
STED-8-2021-6500-UP.pdf,https://www.fdle.state.fl.us/getContentAsset/63834943-8331-45f4-ba8c-83230c5ee4ba/73aabf56-e6e5-4330-95a3-5f2a270a1d2b/STED-8-2021-6500-UP.pdf?language=en,2021,8,parsed,ffa81dbee623d21463100f8974e8cf7946d99172b1362f5794f448d2d88cc396,292,292,213,2026-10-05T16:24:34
STED-9-2021-6500-UP.pdf,https://www.fdle.state.fl.us/getContentAsset/0a667a86-d936-4c17-8203-a8e29b0b7be9/73aabf56-e6e5-4330-95a3-5f2a270a1d2b/STED-9-2021-6500-UP.pdf?language=en,2021,9,parsed,f270fc150a077ab45515cf83ea725df9f82933bc234d6cf24299969abc063357,299,299,213,2026-10-05T16:24:35
STED-10-2021-6500-UP.pdf,https://www.fdle.state.fl.us/getContentAsset/7087f9c3-18f7-44a4-adef-32ce122fdad2/73aabf56-e6e5-4330-95a3-5f2a270a1d2b/STED-10-2021-6500-UP.pdf?language=en,2021,10,parsed,45d267cac3aaf4cc3ef473303058223241f7f159a6b34fe985baae1ab7db5f8c,359,359,264,2026-10-05T16:24:39
STED-11-2021-6500-UP.pdf,https://www.fdle.state.fl.us/getContentAsset/b89d1ea0-f9fb-4e15-b8fe-73c2b57c7e52/73aabf56-e6e5-4330-95a3-5f2a270a1d2b/STED-11-2021-6500-UP.pdf?language=en,2021,11,parsed,ed9824d8881ea3c27c91cd72ddf2844adf58e52b6028cccae43268f2d637400f,365,365,269,2026-10-05T16:24:41
STED-12-2021-6500-UP.pdf,https://www.fdle.state.fl.us/getContentAsset/329ad846-7683-4e7c-b581-c325a6663181/73aabf56-e6e5-4330-95a3-5f2a270a1d2b/STED-12-2021-6500-UP.pdf?language=en,2021,12,parsed,2fbe8b62fe7a890a3363de9ab312adb857d1122128436b51255d6c106f69edd4,416,416,293,2026-10-05T16:24:43
